evidence_id,diagnostic_family,analysis_tier,region,wrong_region,mechanism,variable,buffer_km,lag_group,test_lags,background_lags,event_population,statistical_unit,bootstrap_resamples,fdr_scope,source_file,source_row_key
LOC_001,location_buffer,primary,beaufort_sea,,sic_state,sic_mean_buffer,100,event_minus_background,"-1,0","-10,-7,-5",major_severe local events,unique_local_event_id,500,complete 90-row location-buffer table,outputs/location_buffer_mechanism/location_buffer_evidence_table.csv,region=beaufort_sea;variable=sic_mean_buffer;buffer_km=100
LOC_002,location_buffer,primary,beaufort_sea,,sic_change_5d,sic_change_5d_buffer,100,event_minus_background,"-1,0","-10,-7,-5",major_severe local events,unique_local_event_id,500,complete 90-row location-buffer table,outputs/location_buffer_mechanism/location_buffer_evidence_table.csv,region=beaufort_sea;variable=sic_change_5d_buffer;buffer_km=100
LOC_003,location_buffer,primary,beaufort_sea,,mean_sea_level_pressure,era5_msl_buffer,100,event_minus_background,"-1,0","-10,-7,-5",major_severe local events,unique_local_event_id,500,complete 90-row location-buffer table,outputs/location_buffer_mechanism/location_buffer_evidence_table.csv,region=beaufort_sea;variable=era5_msl_buffer;buffer_km=100
LOC_004,location_buffer,primary,beaufort_sea,,zonal_wind_u10,era5_u10_buffer,100,event_minus_background,"-1,0","-10,-7,-5",major_severe local events,unique_local_event_id,500,complete 90-row location-buffer table,outputs/location_buffer_mechanism/location_buffer_evidence_table.csv,region=beaufort_sea;variable=era5_u10_buffer;buffer_km=100
LOC_005,location_buffer,primary,beaufort_sea,,meridional_wind_v10,era5_v10_buffer,100,event_minus_background,"-1,0","-10,-7,-5",major_severe local events,unique_local_event_id,500,complete 90-row location-buffer table,outputs/location_buffer_mechanism/location_buffer_evidence_table.csv,region=beaufort_sea;variable=era5_v10_buffer;buffer_km=100
LOC_006,location_buffer,primary,beaufort_sea,,wind_speed_10m,era5_wspd10_buffer,100,event_minus_background,"-1,0","-10,-7,-5",major_severe local events,unique_local_event_id,500,complete 90-row location-buffer table,outputs/location_buffer_mechanism/location_buffer_evidence_table.csv,region=beaufort_sea;variable=era5_wspd10_buffer;buffer_km=100
LOC_007,location_buffer,primary,beaufort_sea,,sic_state,sic_mean_buffer,300,event_minus_background,"-1,0","-10,-7,-5",major_severe local events,unique_local_event_id,500,complete 90-row location-buffer table,outputs/location_buffer_mechanism/location_buffer_evidence_table.csv,region=beaufort_sea;variable=sic_mean_buffer;buffer_km=300
LOC_008,location_buffer,primary,beaufort_sea,,sic_change_5d,sic_change_5d_buffer,300,event_minus_background,"-1,0","-10,-7,-5",major_severe local events,unique_local_event_id,500,complete 90-row location-buffer table,outputs/location_buffer_mechanism/location_buffer_evidence_table.csv,region=beaufort_sea;variable=sic_change_5d_buffer;buffer_km=300
LOC_009,location_buffer,primary,beaufort_sea,,mean_sea_level_pressure,era5_msl_buffer,300,event_minus_background,"-1,0","-10,-7,-5",major_severe local events,unique_local_event_id,500,complete 90-row location-buffer table,outputs/location_buffer_mechanism/location_buffer_evidence_table.csv,region=beaufort_sea;variable=era5_msl_buffer;buffer_km=300
LOC_010,location_buffer,primary,beaufort_sea,,zonal_wind_u10,era5_u10_buffer,300,event_minus_background,"-1,0","-10,-7,-5",major_severe local events,unique_local_event_id,500,complete 90-row location-buffer table,outputs/location_buffer_mechanism/location_buffer_evidence_table.csv,region=beaufort_sea;variable=era5_u10_buffer;buffer_km=300
LOC_011,location_buffer,primary,beaufort_sea,,meridional_wind_v10,era5_v10_buffer,300,event_minus_background,"-1,0","-10,-7,-5",major_severe local events,unique_local_event_id,500,complete 90-row location-buffer table,outputs/location_buffer_mechanism/location_buffer_evidence_table.csv,region=beaufort_sea;variable=era5_v10_buffer;buffer_km=300
LOC_012,location_buffer,primary,beaufort_sea,,wind_speed_10m,era5_wspd10_buffer,300,event_minus_background,"-1,0","-10,-7,-5",major_severe local events,unique_local_event_id,500,complete 90-row location-buffer table,outputs/location_buffer_mechanism/location_buffer_evidence_table.csv,region=beaufort_sea;variable=era5_wspd10_buffer;buffer_km=300
LOC_013,location_buffer,primary,beaufort_sea,,sic_state,sic_mean_buffer,500,event_minus_background,"-1,0","-10,-7,-5",major_severe local events,unique_local_event_id,500,complete 90-row location-buffer table,outputs/location_buffer_mechanism/location_buffer_evidence_table.csv,region=beaufort_sea;variable=sic_mean_buffer;buffer_km=500
LOC_014,location_buffer,primary,beaufort_sea,,sic_change_5d,sic_change_5d_buffer,500,event_minus_background,"-1,0","-10,-7,-5",major_severe local events,unique_local_event_id,500,complete 90-row location-buffer table,outputs/location_buffer_mechanism/location_buffer_evidence_table.csv,region=beaufort_sea;variable=sic_change_5d_buffer;buffer_km=500
LOC_015,location_buffer,primary,beaufort_sea,,mean_sea_level_pressure,era5_msl_buffer,500,event_minus_background,"-1,0","-10,-7,-5",major_severe local events,unique_local_event_id,500,complete 90-row location-buffer table,outputs/location_buffer_mechanism/location_buffer_evidence_table.csv,region=beaufort_sea;variable=era5_msl_buffer;buffer_km=500
LOC_016,location_buffer,primary,beaufort_sea,,zonal_wind_u10,era5_u10_buffer,500,event_minus_background,"-1,0","-10,-7,-5",major_severe local events,unique_local_event_id,500,complete 90-row location-buffer table,outputs/location_buffer_mechanism/location_buffer_evidence_table.csv,region=beaufort_sea;variable=era5_u10_buffer;buffer_km=500
LOC_017,location_buffer,primary,beaufort_sea,,meridional_wind_v10,era5_v10_buffer,500,event_minus_background,"-1,0","-10,-7,-5",major_severe local events,unique_local_event_id,500,complete 90-row location-buffer table,outputs/location_buffer_mechanism/location_buffer_evidence_table.csv,region=beaufort_sea;variable=era5_v10_buffer;buffer_km=500
LOC_018,location_buffer,primary,beaufort_sea,,wind_speed_10m,era5_wspd10_buffer,500,event_minus_background,"-1,0","-10,-7,-5",major_severe local events,unique_local_event_id,500,complete 90-row location-buffer table,outputs/location_buffer_mechanism/location_buffer_evidence_table.csv,region=beaufort_sea;variable=era5_wspd10_buffer;buffer_km=500
LOC_019,location_buffer,primary,laptev_sea,,sic_state,sic_mean_buffer,100,event_minus_background,"-1,0","-10,-7,-5",major_severe local events,unique_local_event_id,500,complete 90-row location-buffer table,outputs/location_buffer_mechanism/location_buffer_evidence_table.csv,region=laptev_sea;variable=sic_mean_buffer;buffer_km=100
LOC_020,location_buffer,primary,laptev_sea,,sic_change_5d,sic_change_5d_buffer,100,event_minus_background,"-1,0","-10,-7,-5",major_severe local events,unique_local_event_id,500,complete 90-row location-buffer table,outputs/location_buffer_mechanism/location_buffer_evidence_table.csv,region=laptev_sea;variable=sic_change_5d_buffer;buffer_km=100
LOC_021,location_buffer,primary,laptev_sea,,mean_sea_level_pressure,era5_msl_buffer,100,event_minus_background,"-1,0","-10,-7,-5",major_severe local events,unique_local_event_id,500,complete 90-row location-buffer table,outputs/location_buffer_mechanism/location_buffer_evidence_table.csv,region=laptev_sea;variable=era5_msl_buffer;buffer_km=100
LOC_022,location_buffer,primary,laptev_sea,,zonal_wind_u10,era5_u10_buffer,100,event_minus_background,"-1,0","-10,-7,-5",major_severe local events,unique_local_event_id,500,complete 90-row location-buffer table,outputs/location_buffer_mechanism/location_buffer_evidence_table.csv,region=laptev_sea;variable=era5_u10_buffer;buffer_km=100
LOC_023,location_buffer,primary,laptev_sea,,meridional_wind_v10,era5_v10_buffer,100,event_minus_background,"-1,0","-10,-7,-5",major_severe local events,unique_local_event_id,500,complete 90-row location-buffer table,outputs/location_buffer_mechanism/location_buffer_evidence_table.csv,region=laptev_sea;variable=era5_v10_buffer;buffer_km=100
LOC_024,location_buffer,primary,laptev_sea,,wind_speed_10m,era5_wspd10_buffer,100,event_minus_background,"-1,0","-10,-7,-5",major_severe local events,unique_local_event_id,500,complete 90-row location-buffer table,outputs/location_buffer_mechanism/location_buffer_evidence_table.csv,region=laptev_sea;variable=era5_wspd10_buffer;buffer_km=100
LOC_025,location_buffer,primary,laptev_sea,,sic_state,sic_mean_buffer,300,event_minus_background,"-1,0","-10,-7,-5",major_severe local events,unique_local_event_id,500,complete 90-row location-buffer table,outputs/location_buffer_mechanism/location_buffer_evidence_table.csv,region=laptev_sea;variable=sic_mean_buffer;buffer_km=300
LOC_026,location_buffer,primary,laptev_sea,,sic_change_5d,sic_change_5d_buffer,300,event_minus_background,"-1,0","-10,-7,-5",major_severe local events,unique_local_event_id,500,complete 90-row location-buffer table,outputs/location_buffer_mechanism/location_buffer_evidence_table.csv,region=laptev_sea;variable=sic_change_5d_buffer;buffer_km=300
LOC_027,location_buffer,primary,laptev_sea,,mean_sea_level_pressure,era5_msl_buffer,300,event_minus_background,"-1,0","-10,-7,-5",major_severe local events,unique_local_event_id,500,complete 90-row location-buffer table,outputs/location_buffer_mechanism/location_buffer_evidence_table.csv,region=laptev_sea;variable=era5_msl_buffer;buffer_km=300
LOC_028,location_buffer,primary,laptev_sea,,zonal_wind_u10,era5_u10_buffer,300,event_minus_background,"-1,0","-10,-7,-5",major_severe local events,unique_local_event_id,500,complete 90-row location-buffer table,outputs/location_buffer_mechanism/location_buffer_evidence_table.csv,region=laptev_sea;variable=era5_u10_buffer;buffer_km=300
LOC_029,location_buffer,primary,laptev_sea,,meridional_wind_v10,era5_v10_buffer,300,event_minus_background,"-1,0","-10,-7,-5",major_severe local events,unique_local_event_id,500,complete 90-row location-buffer table,outputs/location_buffer_mechanism/location_buffer_evidence_table.csv,region=laptev_sea;variable=era5_v10_buffer;buffer_km=300
LOC_030,location_buffer,primary,laptev_sea,,wind_speed_10m,era5_wspd10_buffer,300,event_minus_background,"-1,0","-10,-7,-5",major_severe local events,unique_local_event_id,500,complete 90-row location-buffer table,outputs/location_buffer_mechanism/location_buffer_evidence_table.csv,region=laptev_sea;variable=era5_wspd10_buffer;buffer_km=300
LOC_031,location_buffer,primary,laptev_sea,,sic_state,sic_mean_buffer,500,event_minus_background,"-1,0","-10,-7,-5",major_severe local events,unique_local_event_id,500,complete 90-row location-buffer table,outputs/location_buffer_mechanism/location_buffer_evidence_table.csv,region=laptev_sea;variable=sic_mean_buffer;buffer_km=500
LOC_032,location_buffer,primary,laptev_sea,,sic_change_5d,sic_change_5d_buffer,500,event_minus_background,"-1,0","-10,-7,-5",major_severe local events,unique_local_event_id,500,complete 90-row location-buffer table,outputs/location_buffer_mechanism/location_buffer_evidence_table.csv,region=laptev_sea;variable=sic_change_5d_buffer;buffer_km=500
LOC_033,location_buffer,primary,laptev_sea,,mean_sea_level_pressure,era5_msl_buffer,500,event_minus_background,"-1,0","-10,-7,-5",major_severe local events,unique_local_event_id,500,complete 90-row location-buffer table,outputs/location_buffer_mechanism/location_buffer_evidence_table.csv,region=laptev_sea;variable=era5_msl_buffer;buffer_km=500
LOC_034,location_buffer,primary,laptev_sea,,zonal_wind_u10,era5_u10_buffer,500,event_minus_background,"-1,0","-10,-7,-5",major_severe local events,unique_local_event_id,500,complete 90-row location-buffer table,outputs/location_buffer_mechanism/location_buffer_evidence_table.csv,region=laptev_sea;variable=era5_u10_buffer;buffer_km=500
LOC_035,location_buffer,primary,laptev_sea,,meridional_wind_v10,era5_v10_buffer,500,event_minus_background,"-1,0","-10,-7,-5",major_severe local events,unique_local_event_id,500,complete 90-row location-buffer table,outputs/location_buffer_mechanism/location_buffer_evidence_table.csv,region=laptev_sea;variable=era5_v10_buffer;buffer_km=500
LOC_036,location_buffer,primary,laptev_sea,,wind_speed_10m,era5_wspd10_buffer,500,event_minus_background,"-1,0","-10,-7,-5",major_severe local events,unique_local_event_id,500,complete 90-row location-buffer table,outputs/location_buffer_mechanism/location_buffer_evidence_table.csv,region=laptev_sea;variable=era5_wspd10_buffer;buffer_km=500
LOC_037,location_buffer,primary,kara_sea,,sic_state,sic_mean_buffer,100,event_minus_background,"-1,0","-10,-7,-5",major_severe local events,unique_local_event_id,500,complete 90-row location-buffer table,outputs/location_buffer_mechanism/location_buffer_evidence_table.csv,region=kara_sea;variable=sic_mean_buffer;buffer_km=100
LOC_038,location_buffer,primary,kara_sea,,sic_change_5d,sic_change_5d_buffer,100,event_minus_background,"-1,0","-10,-7,-5",major_severe local events,unique_local_event_id,500,complete 90-row location-buffer table,outputs/location_buffer_mechanism/location_buffer_evidence_table.csv,region=kara_sea;variable=sic_change_5d_buffer;buffer_km=100
LOC_039,location_buffer,primary,kara_sea,,mean_sea_level_pressure,era5_msl_buffer,100,event_minus_background,"-1,0","-10,-7,-5",major_severe local events,unique_local_event_id,500,complete 90-row location-buffer table,outputs/location_buffer_mechanism/location_buffer_evidence_table.csv,region=kara_sea;variable=era5_msl_buffer;buffer_km=100
LOC_040,location_buffer,primary,kara_sea,,zonal_wind_u10,era5_u10_buffer,100,event_minus_background,"-1,0","-10,-7,-5",major_severe local events,unique_local_event_id,500,complete 90-row location-buffer table,outputs/location_buffer_mechanism/location_buffer_evidence_table.csv,region=kara_sea;variable=era5_u10_buffer;buffer_km=100
LOC_041,location_buffer,primary,kara_sea,,meridional_wind_v10,era5_v10_buffer,100,event_minus_background,"-1,0","-10,-7,-5",major_severe local events,unique_local_event_id,500,complete 90-row location-buffer table,outputs/location_buffer_mechanism/location_buffer_evidence_table.csv,region=kara_sea;variable=era5_v10_buffer;buffer_km=100
LOC_042,location_buffer,primary,kara_sea,,wind_speed_10m,era5_wspd10_buffer,100,event_minus_background,"-1,0","-10,-7,-5",major_severe local events,unique_local_event_id,500,complete 90-row location-buffer table,outputs/location_buffer_mechanism/location_buffer_evidence_table.csv,region=kara_sea;variable=era5_wspd10_buffer;buffer_km=100
LOC_043,location_buffer,primary,kara_sea,,sic_state,sic_mean_buffer,300,event_minus_background,"-1,0","-10,-7,-5",major_severe local events,unique_local_event_id,500,complete 90-row location-buffer table,outputs/location_buffer_mechanism/location_buffer_evidence_table.csv,region=kara_sea;variable=sic_mean_buffer;buffer_km=300
LOC_044,location_buffer,primary,kara_sea,,sic_change_5d,sic_change_5d_buffer,300,event_minus_background,"-1,0","-10,-7,-5",major_severe local events,unique_local_event_id,500,complete 90-row location-buffer table,outputs/location_buffer_mechanism/location_buffer_evidence_table.csv,region=kara_sea;variable=sic_change_5d_buffer;buffer_km=300
LOC_045,location_buffer,primary,kara_sea,,mean_sea_level_pressure,era5_msl_buffer,300,event_minus_background,"-1,0","-10,-7,-5",major_severe local events,unique_local_event_id,500,complete 90-row location-buffer table,outputs/location_buffer_mechanism/location_buffer_evidence_table.csv,region=kara_sea;variable=era5_msl_buffer;buffer_km=300
LOC_046,location_buffer,primary,kara_sea,,zonal_wind_u10,era5_u10_buffer,300,event_minus_background,"-1,0","-10,-7,-5",major_severe local events,unique_local_event_id,500,complete 90-row location-buffer table,outputs/location_buffer_mechanism/location_buffer_evidence_table.csv,region=kara_sea;variable=era5_u10_buffer;buffer_km=300
LOC_047,location_buffer,primary,kara_sea,,meridional_wind_v10,era5_v10_buffer,300,event_minus_background,"-1,0","-10,-7,-5",major_severe local events,unique_local_event_id,500,complete 90-row location-buffer table,outputs/location_buffer_mechanism/location_buffer_evidence_table.csv,region=kara_sea;variable=era5_v10_buffer;buffer_km=300
LOC_048,location_buffer,primary,kara_sea,,wind_speed_10m,era5_wspd10_buffer,300,event_minus_background,"-1,0","-10,-7,-5",major_severe local events,unique_local_event_id,500,complete 90-row location-buffer table,outputs/location_buffer_mechanism/location_buffer_evidence_table.csv,region=kara_sea;variable=era5_wspd10_buffer;buffer_km=300
LOC_049,location_buffer,primary,kara_sea,,sic_state,sic_mean_buffer,500,event_minus_background,"-1,0","-10,-7,-5",major_severe local events,unique_local_event_id,500,complete 90-row location-buffer table,outputs/location_buffer_mechanism/location_buffer_evidence_table.csv,region=kara_sea;variable=sic_mean_buffer;buffer_km=500
LOC_050,location_buffer,primary,kara_sea,,sic_change_5d,sic_change_5d_buffer,500,event_minus_background,"-1,0","-10,-7,-5",major_severe local events,unique_local_event_id,500,complete 90-row location-buffer table,outputs/location_buffer_mechanism/location_buffer_evidence_table.csv,region=kara_sea;variable=sic_change_5d_buffer;buffer_km=500
LOC_051,location_buffer,primary,kara_sea,,mean_sea_level_pressure,era5_msl_buffer,500,event_minus_background,"-1,0","-10,-7,-5",major_severe local events,unique_local_event_id,500,complete 90-row location-buffer table,outputs/location_buffer_mechanism/location_buffer_evidence_table.csv,region=kara_sea;variable=era5_msl_buffer;buffer_km=500
LOC_052,location_buffer,primary,kara_sea,,zonal_wind_u10,era5_u10_buffer,500,event_minus_background,"-1,0","-10,-7,-5",major_severe local events,unique_local_event_id,500,complete 90-row location-buffer table,outputs/location_buffer_mechanism/location_buffer_evidence_table.csv,region=kara_sea;variable=era5_u10_buffer;buffer_km=500
LOC_053,location_buffer,primary,kara_sea,,meridional_wind_v10,era5_v10_buffer,500,event_minus_background,"-1,0","-10,-7,-5",major_severe local events,unique_local_event_id,500,complete 90-row location-buffer table,outputs/location_buffer_mechanism/location_buffer_evidence_table.csv,region=kara_sea;variable=era5_v10_buffer;buffer_km=500
LOC_054,location_buffer,primary,kara_sea,,wind_speed_10m,era5_wspd10_buffer,500,event_minus_background,"-1,0","-10,-7,-5",major_severe local events,unique_local_event_id,500,complete 90-row location-buffer table,outputs/location_buffer_mechanism/location_buffer_evidence_table.csv,region=kara_sea;variable=era5_wspd10_buffer;buffer_km=500
LOC_055,location_buffer,primary,barents_sea,,sic_state,sic_mean_buffer,100,event_minus_background,"-1,0","-10,-7,-5",major_severe local events,unique_local_event_id,500,complete 90-row location-buffer table,outputs/location_buffer_mechanism/location_buffer_evidence_table.csv,region=barents_sea;variable=sic_mean_buffer;buffer_km=100
LOC_056,location_buffer,primary,barents_sea,,sic_change_5d,sic_change_5d_buffer,100,event_minus_background,"-1,0","-10,-7,-5",major_severe local events,unique_local_event_id,500,complete 90-row location-buffer table,outputs/location_buffer_mechanism/location_buffer_evidence_table.csv,region=barents_sea;variable=sic_change_5d_buffer;buffer_km=100
LOC_057,location_buffer,primary,barents_sea,,mean_sea_level_pressure,era5_msl_buffer,100,event_minus_background,"-1,0","-10,-7,-5",major_severe local events,unique_local_event_id,500,complete 90-row location-buffer table,outputs/location_buffer_mechanism/location_buffer_evidence_table.csv,region=barents_sea;variable=era5_msl_buffer;buffer_km=100
LOC_058,location_buffer,primary,barents_sea,,zonal_wind_u10,era5_u10_buffer,100,event_minus_background,"-1,0","-10,-7,-5",major_severe local events,unique_local_event_id,500,complete 90-row location-buffer table,outputs/location_buffer_mechanism/location_buffer_evidence_table.csv,region=barents_sea;variable=era5_u10_buffer;buffer_km=100
LOC_059,location_buffer,primary,barents_sea,,meridional_wind_v10,era5_v10_buffer,100,event_minus_background,"-1,0","-10,-7,-5",major_severe local events,unique_local_event_id,500,complete 90-row location-buffer table,outputs/location_buffer_mechanism/location_buffer_evidence_table.csv,region=barents_sea;variable=era5_v10_buffer;buffer_km=100
LOC_060,location_buffer,primary,barents_sea,,wind_speed_10m,era5_wspd10_buffer,100,event_minus_background,"-1,0","-10,-7,-5",major_severe local events,unique_local_event_id,500,complete 90-row location-buffer table,outputs/location_buffer_mechanism/location_buffer_evidence_table.csv,region=barents_sea;variable=era5_wspd10_buffer;buffer_km=100
LOC_061,location_buffer,primary,barents_sea,,sic_state,sic_mean_buffer,300,event_minus_background,"-1,0","-10,-7,-5",major_severe local events,unique_local_event_id,500,complete 90-row location-buffer table,outputs/location_buffer_mechanism/location_buffer_evidence_table.csv,region=barents_sea;variable=sic_mean_buffer;buffer_km=300
LOC_062,location_buffer,primary,barents_sea,,sic_change_5d,sic_change_5d_buffer,300,event_minus_background,"-1,0","-10,-7,-5",major_severe local events,unique_local_event_id,500,complete 90-row location-buffer table,outputs/location_buffer_mechanism/location_buffer_evidence_table.csv,region=barents_sea;variable=sic_change_5d_buffer;buffer_km=300
LOC_063,location_buffer,primary,barents_sea,,mean_sea_level_pressure,era5_msl_buffer,300,event_minus_background,"-1,0","-10,-7,-5",major_severe local events,unique_local_event_id,500,complete 90-row location-buffer table,outputs/location_buffer_mechanism/location_buffer_evidence_table.csv,region=barents_sea;variable=era5_msl_buffer;buffer_km=300
LOC_064,location_buffer,primary,barents_sea,,zonal_wind_u10,era5_u10_buffer,300,event_minus_background,"-1,0","-10,-7,-5",major_severe local events,unique_local_event_id,500,complete 90-row location-buffer table,outputs/location_buffer_mechanism/location_buffer_evidence_table.csv,region=barents_sea;variable=era5_u10_buffer;buffer_km=300
LOC_065,location_buffer,primary,barents_sea,,meridional_wind_v10,era5_v10_buffer,300,event_minus_background,"-1,0","-10,-7,-5",major_severe local events,unique_local_event_id,500,complete 90-row location-buffer table,outputs/location_buffer_mechanism/location_buffer_evidence_table.csv,region=barents_sea;variable=era5_v10_buffer;buffer_km=300
LOC_066,location_buffer,primary,barents_sea,,wind_speed_10m,era5_wspd10_buffer,300,event_minus_background,"-1,0","-10,-7,-5",major_severe local events,unique_local_event_id,500,complete 90-row location-buffer table,outputs/location_buffer_mechanism/location_buffer_evidence_table.csv,region=barents_sea;variable=era5_wspd10_buffer;buffer_km=300
LOC_067,location_buffer,primary,barents_sea,,sic_state,sic_mean_buffer,500,event_minus_background,"-1,0","-10,-7,-5",major_severe local events,unique_local_event_id,500,complete 90-row location-buffer table,outputs/location_buffer_mechanism/location_buffer_evidence_table.csv,region=barents_sea;variable=sic_mean_buffer;buffer_km=500
LOC_068,location_buffer,primary,barents_sea,,sic_change_5d,sic_change_5d_buffer,500,event_minus_background,"-1,0","-10,-7,-5",major_severe local events,unique_local_event_id,500,complete 90-row location-buffer table,outputs/location_buffer_mechanism/location_buffer_evidence_table.csv,region=barents_sea;variable=sic_change_5d_buffer;buffer_km=500
LOC_069,location_buffer,primary,barents_sea,,mean_sea_level_pressure,era5_msl_buffer,500,event_minus_background,"-1,0","-10,-7,-5",major_severe local events,unique_local_event_id,500,complete 90-row location-buffer table,outputs/location_buffer_mechanism/location_buffer_evidence_table.csv,region=barents_sea;variable=era5_msl_buffer;buffer_km=500
LOC_070,location_buffer,primary,barents_sea,,zonal_wind_u10,era5_u10_buffer,500,event_minus_background,"-1,0","-10,-7,-5",major_severe local events,unique_local_event_id,500,complete 90-row location-buffer table,outputs/location_buffer_mechanism/location_buffer_evidence_table.csv,region=barents_sea;variable=era5_u10_buffer;buffer_km=500
LOC_071,location_buffer,primary,barents_sea,,meridional_wind_v10,era5_v10_buffer,500,event_minus_background,"-1,0","-10,-7,-5",major_severe local events,unique_local_event_id,500,complete 90-row location-buffer table,outputs/location_buffer_mechanism/location_buffer_evidence_table.csv,region=barents_sea;variable=era5_v10_buffer;buffer_km=500
LOC_072,location_buffer,primary,barents_sea,,wind_speed_10m,era5_wspd10_buffer,500,event_minus_background,"-1,0","-10,-7,-5",major_severe local events,unique_local_event_id,500,complete 90-row location-buffer table,outputs/location_buffer_mechanism/location_buffer_evidence_table.csv,region=barents_sea;variable=era5_wspd10_buffer;buffer_km=500
LOC_073,location_buffer,primary,central_arctic,,sic_state,sic_mean_buffer,100,event_minus_background,"-1,0","-10,-7,-5",major_severe local events,unique_local_event_id,500,complete 90-row location-buffer table,outputs/location_buffer_mechanism/location_buffer_evidence_table.csv,region=central_arctic;variable=sic_mean_buffer;buffer_km=100
LOC_074,location_buffer,primary,central_arctic,,sic_change_5d,sic_change_5d_buffer,100,event_minus_background,"-1,0","-10,-7,-5",major_severe local events,unique_local_event_id,500,complete 90-row location-buffer table,outputs/location_buffer_mechanism/location_buffer_evidence_table.csv,region=central_arctic;variable=sic_change_5d_buffer;buffer_km=100
LOC_075,location_buffer,primary,central_arctic,,mean_sea_level_pressure,era5_msl_buffer,100,event_minus_background,"-1,0","-10,-7,-5",major_severe local events,unique_local_event_id,500,complete 90-row location-buffer table,outputs/location_buffer_mechanism/location_buffer_evidence_table.csv,region=central_arctic;variable=era5_msl_buffer;buffer_km=100
LOC_076,location_buffer,primary,central_arctic,,zonal_wind_u10,era5_u10_buffer,100,event_minus_background,"-1,0","-10,-7,-5",major_severe local events,unique_local_event_id,500,complete 90-row location-buffer table,outputs/location_buffer_mechanism/location_buffer_evidence_table.csv,region=central_arctic;variable=era5_u10_buffer;buffer_km=100
LOC_077,location_buffer,primary,central_arctic,,meridional_wind_v10,era5_v10_buffer,100,event_minus_background,"-1,0","-10,-7,-5",major_severe local events,unique_local_event_id,500,complete 90-row location-buffer table,outputs/location_buffer_mechanism/location_buffer_evidence_table.csv,region=central_arctic;variable=era5_v10_buffer;buffer_km=100
LOC_078,location_buffer,primary,central_arctic,,wind_speed_10m,era5_wspd10_buffer,100,event_minus_background,"-1,0","-10,-7,-5",major_severe local events,unique_local_event_id,500,complete 90-row location-buffer table,outputs/location_buffer_mechanism/location_buffer_evidence_table.csv,region=central_arctic;variable=era5_wspd10_buffer;buffer_km=100
LOC_079,location_buffer,primary,central_arctic,,sic_state,sic_mean_buffer,300,event_minus_background,"-1,0","-10,-7,-5",major_severe local events,unique_local_event_id,500,complete 90-row location-buffer table,outputs/location_buffer_mechanism/location_buffer_evidence_table.csv,region=central_arctic;variable=sic_mean_buffer;buffer_km=300
LOC_080,location_buffer,primary,central_arctic,,sic_change_5d,sic_change_5d_buffer,300,event_minus_background,"-1,0","-10,-7,-5",major_severe local events,unique_local_event_id,500,complete 90-row location-buffer table,outputs/location_buffer_mechanism/location_buffer_evidence_table.csv,region=central_arctic;variable=sic_change_5d_buffer;buffer_km=300
LOC_081,location_buffer,primary,central_arctic,,mean_sea_level_pressure,era5_msl_buffer,300,event_minus_background,"-1,0","-10,-7,-5",major_severe local events,unique_local_event_id,500,complete 90-row location-buffer table,outputs/location_buffer_mechanism/location_buffer_evidence_table.csv,region=central_arctic;variable=era5_msl_buffer;buffer_km=300
LOC_082,location_buffer,primary,central_arctic,,zonal_wind_u10,era5_u10_buffer,300,event_minus_background,"-1,0","-10,-7,-5",major_severe local events,unique_local_event_id,500,complete 90-row location-buffer table,outputs/location_buffer_mechanism/location_buffer_evidence_table.csv,region=central_arctic;variable=era5_u10_buffer;buffer_km=300
LOC_083,location_buffer,primary,central_arctic,,meridional_wind_v10,era5_v10_buffer,300,event_minus_background,"-1,0","-10,-7,-5",major_severe local events,unique_local_event_id,500,complete 90-row location-buffer table,outputs/location_buffer_mechanism/location_buffer_evidence_table.csv,region=central_arctic;variable=era5_v10_buffer;buffer_km=300
LOC_084,location_buffer,primary,central_arctic,,wind_speed_10m,era5_wspd10_buffer,300,event_minus_background,"-1,0","-10,-7,-5",major_severe local events,unique_local_event_id,500,complete 90-row location-buffer table,outputs/location_buffer_mechanism/location_buffer_evidence_table.csv,region=central_arctic;variable=era5_wspd10_buffer;buffer_km=300
LOC_085,location_buffer,primary,central_arctic,,sic_state,sic_mean_buffer,500,event_minus_background,"-1,0","-10,-7,-5",major_severe local events,unique_local_event_id,500,complete 90-row location-buffer table,outputs/location_buffer_mechanism/location_buffer_evidence_table.csv,region=central_arctic;variable=sic_mean_buffer;buffer_km=500
LOC_086,location_buffer,primary,central_arctic,,sic_change_5d,sic_change_5d_buffer,500,event_minus_background,"-1,0","-10,-7,-5",major_severe local events,unique_local_event_id,500,complete 90-row location-buffer table,outputs/location_buffer_mechanism/location_buffer_evidence_table.csv,region=central_arctic;variable=sic_change_5d_buffer;buffer_km=500
LOC_087,location_buffer,primary,central_arctic,,mean_sea_level_pressure,era5_msl_buffer,500,event_minus_background,"-1,0","-10,-7,-5",major_severe local events,unique_local_event_id,500,complete 90-row location-buffer table,outputs/location_buffer_mechanism/location_buffer_evidence_table.csv,region=central_arctic;variable=era5_msl_buffer;buffer_km=500
LOC_088,location_buffer,primary,central_arctic,,zonal_wind_u10,era5_u10_buffer,500,event_minus_background,"-1,0","-10,-7,-5",major_severe local events,unique_local_event_id,500,complete 90-row location-buffer table,outputs/location_buffer_mechanism/location_buffer_evidence_table.csv,region=central_arctic;variable=era5_u10_buffer;buffer_km=500
LOC_089,location_buffer,primary,central_arctic,,meridional_wind_v10,era5_v10_buffer,500,event_minus_background,"-1,0","-10,-7,-5",major_severe local events,unique_local_event_id,500,complete 90-row location-buffer table,outputs/location_buffer_mechanism/location_buffer_evidence_table.csv,region=central_arctic;variable=era5_v10_buffer;buffer_km=500
LOC_090,location_buffer,primary,central_arctic,,wind_speed_10m,era5_wspd10_buffer,500,event_minus_background,"-1,0","-10,-7,-5",major_severe local events,unique_local_event_id,500,complete 90-row location-buffer table,outputs/location_buffer_mechanism/location_buffer_evidence_table.csv,region=central_arctic;variable=era5_wspd10_buffer;buffer_km=500
LEAD_001,lead_lag,primary,beaufort_sea,,sic_state,sic_mean_buffer,300,pre-event,"-3,-1","-10,-7,-5",major_severe local events,unique_local_event_id,1000,complete 90-row lead-lag background-test table,outputs/lead_lag/lead_lag_background_tests.csv,region=beaufort_sea;variable=sic_mean_buffer;lag_group=pre-event
LEAD_002,lead_lag,primary,beaufort_sea,,sic_state,sic_mean_buffer,300,event-time,0,"-10,-7,-5",major_severe local events,unique_local_event_id,1000,complete 90-row lead-lag background-test table,outputs/lead_lag/lead_lag_background_tests.csv,region=beaufort_sea;variable=sic_mean_buffer;lag_group=event-time
LEAD_003,lead_lag,primary,beaufort_sea,,sic_state,sic_mean_buffer,300,post-event,"1,3,5","-10,-7,-5",major_severe local events,unique_local_event_id,1000,complete 90-row lead-lag background-test table,outputs/lead_lag/lead_lag_background_tests.csv,region=beaufort_sea;variable=sic_mean_buffer;lag_group=post-event
LEAD_004,lead_lag,primary,beaufort_sea,,sic_change_5d,sic_change_5d_buffer,300,pre-event,"-3,-1","-10,-7,-5",major_severe local events,unique_local_event_id,1000,complete 90-row lead-lag background-test table,outputs/lead_lag/lead_lag_background_tests.csv,region=beaufort_sea;variable=sic_change_5d_buffer;lag_group=pre-event
LEAD_005,lead_lag,primary,beaufort_sea,,sic_change_5d,sic_change_5d_buffer,300,event-time,0,"-10,-7,-5",major_severe local events,unique_local_event_id,1000,complete 90-row lead-lag background-test table,outputs/lead_lag/lead_lag_background_tests.csv,region=beaufort_sea;variable=sic_change_5d_buffer;lag_group=event-time
LEAD_006,lead_lag,primary,beaufort_sea,,sic_change_5d,sic_change_5d_buffer,300,post-event,"1,3,5","-10,-7,-5",major_severe local events,unique_local_event_id,1000,complete 90-row lead-lag background-test table,outputs/lead_lag/lead_lag_background_tests.csv,region=beaufort_sea;variable=sic_change_5d_buffer;lag_group=post-event
LEAD_007,lead_lag,primary,beaufort_sea,,mean_sea_level_pressure,era5_msl_buffer,300,pre-event,"-3,-1","-10,-7,-5",major_severe local events,unique_local_event_id,1000,complete 90-row lead-lag background-test table,outputs/lead_lag/lead_lag_background_tests.csv,region=beaufort_sea;variable=era5_msl_buffer;lag_group=pre-event
LEAD_008,lead_lag,primary,beaufort_sea,,mean_sea_level_pressure,era5_msl_buffer,300,event-time,0,"-10,-7,-5",major_severe local events,unique_local_event_id,1000,complete 90-row lead-lag background-test table,outputs/lead_lag/lead_lag_background_tests.csv,region=beaufort_sea;variable=era5_msl_buffer;lag_group=event-time
LEAD_009,lead_lag,primary,beaufort_sea,,mean_sea_level_pressure,era5_msl_buffer,300,post-event,"1,3,5","-10,-7,-5",major_severe local events,unique_local_event_id,1000,complete 90-row lead-lag background-test table,outputs/lead_lag/lead_lag_background_tests.csv,region=beaufort_sea;variable=era5_msl_buffer;lag_group=post-event
LEAD_010,lead_lag,primary,beaufort_sea,,zonal_wind_u10,era5_u10_buffer,300,pre-event,"-3,-1","-10,-7,-5",major_severe local events,unique_local_event_id,1000,complete 90-row lead-lag background-test table,outputs/lead_lag/lead_lag_background_tests.csv,region=beaufort_sea;variable=era5_u10_buffer;lag_group=pre-event
LEAD_011,lead_lag,primary,beaufort_sea,,zonal_wind_u10,era5_u10_buffer,300,event-time,0,"-10,-7,-5",major_severe local events,unique_local_event_id,1000,complete 90-row lead-lag background-test table,outputs/lead_lag/lead_lag_background_tests.csv,region=beaufort_sea;variable=era5_u10_buffer;lag_group=event-time
LEAD_012,lead_lag,primary,beaufort_sea,,zonal_wind_u10,era5_u10_buffer,300,post-event,"1,3,5","-10,-7,-5",major_severe local events,unique_local_event_id,1000,complete 90-row lead-lag background-test table,outputs/lead_lag/lead_lag_background_tests.csv,region=beaufort_sea;variable=era5_u10_buffer;lag_group=post-event
LEAD_013,lead_lag,primary,beaufort_sea,,meridional_wind_v10,era5_v10_buffer,300,pre-event,"-3,-1","-10,-7,-5",major_severe local events,unique_local_event_id,1000,complete 90-row lead-lag background-test table,outputs/lead_lag/lead_lag_background_tests.csv,region=beaufort_sea;variable=era5_v10_buffer;lag_group=pre-event
LEAD_014,lead_lag,primary,beaufort_sea,,meridional_wind_v10,era5_v10_buffer,300,event-time,0,"-10,-7,-5",major_severe local events,unique_local_event_id,1000,complete 90-row lead-lag background-test table,outputs/lead_lag/lead_lag_background_tests.csv,region=beaufort_sea;variable=era5_v10_buffer;lag_group=event-time
LEAD_015,lead_lag,primary,beaufort_sea,,meridional_wind_v10,era5_v10_buffer,300,post-event,"1,3,5","-10,-7,-5",major_severe local events,unique_local_event_id,1000,complete 90-row lead-lag background-test table,outputs/lead_lag/lead_lag_background_tests.csv,region=beaufort_sea;variable=era5_v10_buffer;lag_group=post-event
LEAD_016,lead_lag,primary,beaufort_sea,,wind_speed_10m,era5_wspd10_buffer,300,pre-event,"-3,-1","-10,-7,-5",major_severe local events,unique_local_event_id,1000,complete 90-row lead-lag background-test table,outputs/lead_lag/lead_lag_background_tests.csv,region=beaufort_sea;variable=era5_wspd10_buffer;lag_group=pre-event
LEAD_017,lead_lag,primary,beaufort_sea,,wind_speed_10m,era5_wspd10_buffer,300,event-time,0,"-10,-7,-5",major_severe local events,unique_local_event_id,1000,complete 90-row lead-lag background-test table,outputs/lead_lag/lead_lag_background_tests.csv,region=beaufort_sea;variable=era5_wspd10_buffer;lag_group=event-time
LEAD_018,lead_lag,primary,beaufort_sea,,wind_speed_10m,era5_wspd10_buffer,300,post-event,"1,3,5","-10,-7,-5",major_severe local events,unique_local_event_id,1000,complete 90-row lead-lag background-test table,outputs/lead_lag/lead_lag_background_tests.csv,region=beaufort_sea;variable=era5_wspd10_buffer;lag_group=post-event
LEAD_019,lead_lag,primary,laptev_sea,,sic_state,sic_mean_buffer,300,pre-event,"-3,-1","-10,-7,-5",major_severe local events,unique_local_event_id,1000,complete 90-row lead-lag background-test table,outputs/lead_lag/lead_lag_background_tests.csv,region=laptev_sea;variable=sic_mean_buffer;lag_group=pre-event
LEAD_020,lead_lag,primary,laptev_sea,,sic_state,sic_mean_buffer,300,event-time,0,"-10,-7,-5",major_severe local events,unique_local_event_id,1000,complete 90-row lead-lag background-test table,outputs/lead_lag/lead_lag_background_tests.csv,region=laptev_sea;variable=sic_mean_buffer;lag_group=event-time
LEAD_021,lead_lag,primary,laptev_sea,,sic_state,sic_mean_buffer,300,post-event,"1,3,5","-10,-7,-5",major_severe local events,unique_local_event_id,1000,complete 90-row lead-lag background-test table,outputs/lead_lag/lead_lag_background_tests.csv,region=laptev_sea;variable=sic_mean_buffer;lag_group=post-event
LEAD_022,lead_lag,primary,laptev_sea,,sic_change_5d,sic_change_5d_buffer,300,pre-event,"-3,-1","-10,-7,-5",major_severe local events,unique_local_event_id,1000,complete 90-row lead-lag background-test table,outputs/lead_lag/lead_lag_background_tests.csv,region=laptev_sea;variable=sic_change_5d_buffer;lag_group=pre-event
LEAD_023,lead_lag,primary,laptev_sea,,sic_change_5d,sic_change_5d_buffer,300,event-time,0,"-10,-7,-5",major_severe local events,unique_local_event_id,1000,complete 90-row lead-lag background-test table,outputs/lead_lag/lead_lag_background_tests.csv,region=laptev_sea;variable=sic_change_5d_buffer;lag_group=event-time
LEAD_024,lead_lag,primary,laptev_sea,,sic_change_5d,sic_change_5d_buffer,300,post-event,"1,3,5","-10,-7,-5",major_severe local events,unique_local_event_id,1000,complete 90-row lead-lag background-test table,outputs/lead_lag/lead_lag_background_tests.csv,region=laptev_sea;variable=sic_change_5d_buffer;lag_group=post-event
LEAD_025,lead_lag,primary,laptev_sea,,mean_sea_level_pressure,era5_msl_buffer,300,pre-event,"-3,-1","-10,-7,-5",major_severe local events,unique_local_event_id,1000,complete 90-row lead-lag background-test table,outputs/lead_lag/lead_lag_background_tests.csv,region=laptev_sea;variable=era5_msl_buffer;lag_group=pre-event
LEAD_026,lead_lag,primary,laptev_sea,,mean_sea_level_pressure,era5_msl_buffer,300,event-time,0,"-10,-7,-5",major_severe local events,unique_local_event_id,1000,complete 90-row lead-lag background-test table,outputs/lead_lag/lead_lag_background_tests.csv,region=laptev_sea;variable=era5_msl_buffer;lag_group=event-time
LEAD_027,lead_lag,primary,laptev_sea,,mean_sea_level_pressure,era5_msl_buffer,300,post-event,"1,3,5","-10,-7,-5",major_severe local events,unique_local_event_id,1000,complete 90-row lead-lag background-test table,outputs/lead_lag/lead_lag_background_tests.csv,region=laptev_sea;variable=era5_msl_buffer;lag_group=post-event
LEAD_028,lead_lag,primary,laptev_sea,,zonal_wind_u10,era5_u10_buffer,300,pre-event,"-3,-1","-10,-7,-5",major_severe local events,unique_local_event_id,1000,complete 90-row lead-lag background-test table,outputs/lead_lag/lead_lag_background_tests.csv,region=laptev_sea;variable=era5_u10_buffer;lag_group=pre-event
LEAD_029,lead_lag,primary,laptev_sea,,zonal_wind_u10,era5_u10_buffer,300,event-time,0,"-10,-7,-5",major_severe local events,unique_local_event_id,1000,complete 90-row lead-lag background-test table,outputs/lead_lag/lead_lag_background_tests.csv,region=laptev_sea;variable=era5_u10_buffer;lag_group=event-time
LEAD_030,lead_lag,primary,laptev_sea,,zonal_wind_u10,era5_u10_buffer,300,post-event,"1,3,5","-10,-7,-5",major_severe local events,unique_local_event_id,1000,complete 90-row lead-lag background-test table,outputs/lead_lag/lead_lag_background_tests.csv,region=laptev_sea;variable=era5_u10_buffer;lag_group=post-event
LEAD_031,lead_lag,primary,laptev_sea,,meridional_wind_v10,era5_v10_buffer,300,pre-event,"-3,-1","-10,-7,-5",major_severe local events,unique_local_event_id,1000,complete 90-row lead-lag background-test table,outputs/lead_lag/lead_lag_background_tests.csv,region=laptev_sea;variable=era5_v10_buffer;lag_group=pre-event
LEAD_032,lead_lag,primary,laptev_sea,,meridional_wind_v10,era5_v10_buffer,300,event-time,0,"-10,-7,-5",major_severe local events,unique_local_event_id,1000,complete 90-row lead-lag background-test table,outputs/lead_lag/lead_lag_background_tests.csv,region=laptev_sea;variable=era5_v10_buffer;lag_group=event-time
LEAD_033,lead_lag,primary,laptev_sea,,meridional_wind_v10,era5_v10_buffer,300,post-event,"1,3,5","-10,-7,-5",major_severe local events,unique_local_event_id,1000,complete 90-row lead-lag background-test table,outputs/lead_lag/lead_lag_background_tests.csv,region=laptev_sea;variable=era5_v10_buffer;lag_group=post-event
LEAD_034,lead_lag,primary,laptev_sea,,wind_speed_10m,era5_wspd10_buffer,300,pre-event,"-3,-1","-10,-7,-5",major_severe local events,unique_local_event_id,1000,complete 90-row lead-lag background-test table,outputs/lead_lag/lead_lag_background_tests.csv,region=laptev_sea;variable=era5_wspd10_buffer;lag_group=pre-event
LEAD_035,lead_lag,primary,laptev_sea,,wind_speed_10m,era5_wspd10_buffer,300,event-time,0,"-10,-7,-5",major_severe local events,unique_local_event_id,1000,complete 90-row lead-lag background-test table,outputs/lead_lag/lead_lag_background_tests.csv,region=laptev_sea;variable=era5_wspd10_buffer;lag_group=event-time
LEAD_036,lead_lag,primary,laptev_sea,,wind_speed_10m,era5_wspd10_buffer,300,post-event,"1,3,5","-10,-7,-5",major_severe local events,unique_local_event_id,1000,complete 90-row lead-lag background-test table,outputs/lead_lag/lead_lag_background_tests.csv,region=laptev_sea;variable=era5_wspd10_buffer;lag_group=post-event
LEAD_037,lead_lag,primary,kara_sea,,sic_state,sic_mean_buffer,300,pre-event,"-3,-1","-10,-7,-5",major_severe local events,unique_local_event_id,1000,complete 90-row lead-lag background-test table,outputs/lead_lag/lead_lag_background_tests.csv,region=kara_sea;variable=sic_mean_buffer;lag_group=pre-event
LEAD_038,lead_lag,primary,kara_sea,,sic_state,sic_mean_buffer,300,event-time,0,"-10,-7,-5",major_severe local events,unique_local_event_id,1000,complete 90-row lead-lag background-test table,outputs/lead_lag/lead_lag_background_tests.csv,region=kara_sea;variable=sic_mean_buffer;lag_group=event-time
LEAD_039,lead_lag,primary,kara_sea,,sic_state,sic_mean_buffer,300,post-event,"1,3,5","-10,-7,-5",major_severe local events,unique_local_event_id,1000,complete 90-row lead-lag background-test table,outputs/lead_lag/lead_lag_background_tests.csv,region=kara_sea;variable=sic_mean_buffer;lag_group=post-event
LEAD_040,lead_lag,primary,kara_sea,,sic_change_5d,sic_change_5d_buffer,300,pre-event,"-3,-1","-10,-7,-5",major_severe local events,unique_local_event_id,1000,complete 90-row lead-lag background-test table,outputs/lead_lag/lead_lag_background_tests.csv,region=kara_sea;variable=sic_change_5d_buffer;lag_group=pre-event
LEAD_041,lead_lag,primary,kara_sea,,sic_change_5d,sic_change_5d_buffer,300,event-time,0,"-10,-7,-5",major_severe local events,unique_local_event_id,1000,complete 90-row lead-lag background-test table,outputs/lead_lag/lead_lag_background_tests.csv,region=kara_sea;variable=sic_change_5d_buffer;lag_group=event-time
LEAD_042,lead_lag,primary,kara_sea,,sic_change_5d,sic_change_5d_buffer,300,post-event,"1,3,5","-10,-7,-5",major_severe local events,unique_local_event_id,1000,complete 90-row lead-lag background-test table,outputs/lead_lag/lead_lag_background_tests.csv,region=kara_sea;variable=sic_change_5d_buffer;lag_group=post-event
LEAD_043,lead_lag,primary,kara_sea,,mean_sea_level_pressure,era5_msl_buffer,300,pre-event,"-3,-1","-10,-7,-5",major_severe local events,unique_local_event_id,1000,complete 90-row lead-lag background-test table,outputs/lead_lag/lead_lag_background_tests.csv,region=kara_sea;variable=era5_msl_buffer;lag_group=pre-event
LEAD_044,lead_lag,primary,kara_sea,,mean_sea_level_pressure,era5_msl_buffer,300,event-time,0,"-10,-7,-5",major_severe local events,unique_local_event_id,1000,complete 90-row lead-lag background-test table,outputs/lead_lag/lead_lag_background_tests.csv,region=kara_sea;variable=era5_msl_buffer;lag_group=event-time
LEAD_045,lead_lag,primary,kara_sea,,mean_sea_level_pressure,era5_msl_buffer,300,post-event,"1,3,5","-10,-7,-5",major_severe local events,unique_local_event_id,1000,complete 90-row lead-lag background-test table,outputs/lead_lag/lead_lag_background_tests.csv,region=kara_sea;variable=era5_msl_buffer;lag_group=post-event
LEAD_046,lead_lag,primary,kara_sea,,zonal_wind_u10,era5_u10_buffer,300,pre-event,"-3,-1","-10,-7,-5",major_severe local events,unique_local_event_id,1000,complete 90-row lead-lag background-test table,outputs/lead_lag/lead_lag_background_tests.csv,region=kara_sea;variable=era5_u10_buffer;lag_group=pre-event
LEAD_047,lead_lag,primary,kara_sea,,zonal_wind_u10,era5_u10_buffer,300,event-time,0,"-10,-7,-5",major_severe local events,unique_local_event_id,1000,complete 90-row lead-lag background-test table,outputs/lead_lag/lead_lag_background_tests.csv,region=kara_sea;variable=era5_u10_buffer;lag_group=event-time
LEAD_048,lead_lag,primary,kara_sea,,zonal_wind_u10,era5_u10_buffer,300,post-event,"1,3,5","-10,-7,-5",major_severe local events,unique_local_event_id,1000,complete 90-row lead-lag background-test table,outputs/lead_lag/lead_lag_background_tests.csv,region=kara_sea;variable=era5_u10_buffer;lag_group=post-event
LEAD_049,lead_lag,primary,kara_sea,,meridional_wind_v10,era5_v10_buffer,300,pre-event,"-3,-1","-10,-7,-5",major_severe local events,unique_local_event_id,1000,complete 90-row lead-lag background-test table,outputs/lead_lag/lead_lag_background_tests.csv,region=kara_sea;variable=era5_v10_buffer;lag_group=pre-event
LEAD_050,lead_lag,primary,kara_sea,,meridional_wind_v10,era5_v10_buffer,300,event-time,0,"-10,-7,-5",major_severe local events,unique_local_event_id,1000,complete 90-row lead-lag background-test table,outputs/lead_lag/lead_lag_background_tests.csv,region=kara_sea;variable=era5_v10_buffer;lag_group=event-time
LEAD_051,lead_lag,primary,kara_sea,,meridional_wind_v10,era5_v10_buffer,300,post-event,"1,3,5","-10,-7,-5",major_severe local events,unique_local_event_id,1000,complete 90-row lead-lag background-test table,outputs/lead_lag/lead_lag_background_tests.csv,region=kara_sea;variable=era5_v10_buffer;lag_group=post-event
LEAD_052,lead_lag,primary,kara_sea,,wind_speed_10m,era5_wspd10_buffer,300,pre-event,"-3,-1","-10,-7,-5",major_severe local events,unique_local_event_id,1000,complete 90-row lead-lag background-test table,outputs/lead_lag/lead_lag_background_tests.csv,region=kara_sea;variable=era5_wspd10_buffer;lag_group=pre-event
LEAD_053,lead_lag,primary,kara_sea,,wind_speed_10m,era5_wspd10_buffer,300,event-time,0,"-10,-7,-5",major_severe local events,unique_local_event_id,1000,complete 90-row lead-lag background-test table,outputs/lead_lag/lead_lag_background_tests.csv,region=kara_sea;variable=era5_wspd10_buffer;lag_group=event-time
LEAD_054,lead_lag,primary,kara_sea,,wind_speed_10m,era5_wspd10_buffer,300,post-event,"1,3,5","-10,-7,-5",major_severe local events,unique_local_event_id,1000,complete 90-row lead-lag background-test table,outputs/lead_lag/lead_lag_background_tests.csv,region=kara_sea;variable=era5_wspd10_buffer;lag_group=post-event
LEAD_055,lead_lag,primary,barents_sea,,sic_state,sic_mean_buffer,300,pre-event,"-3,-1","-10,-7,-5",major_severe local events,unique_local_event_id,1000,complete 90-row lead-lag background-test table,outputs/lead_lag/lead_lag_background_tests.csv,region=barents_sea;variable=sic_mean_buffer;lag_group=pre-event
LEAD_056,lead_lag,primary,barents_sea,,sic_state,sic_mean_buffer,300,event-time,0,"-10,-7,-5",major_severe local events,unique_local_event_id,1000,complete 90-row lead-lag background-test table,outputs/lead_lag/lead_lag_background_tests.csv,region=barents_sea;variable=sic_mean_buffer;lag_group=event-time
LEAD_057,lead_lag,primary,barents_sea,,sic_state,sic_mean_buffer,300,post-event,"1,3,5","-10,-7,-5",major_severe local events,unique_local_event_id,1000,complete 90-row lead-lag background-test table,outputs/lead_lag/lead_lag_background_tests.csv,region=barents_sea;variable=sic_mean_buffer;lag_group=post-event
LEAD_058,lead_lag,primary,barents_sea,,sic_change_5d,sic_change_5d_buffer,300,pre-event,"-3,-1","-10,-7,-5",major_severe local events,unique_local_event_id,1000,complete 90-row lead-lag background-test table,outputs/lead_lag/lead_lag_background_tests.csv,region=barents_sea;variable=sic_change_5d_buffer;lag_group=pre-event
LEAD_059,lead_lag,primary,barents_sea,,sic_change_5d,sic_change_5d_buffer,300,event-time,0,"-10,-7,-5",major_severe local events,unique_local_event_id,1000,complete 90-row lead-lag background-test table,outputs/lead_lag/lead_lag_background_tests.csv,region=barents_sea;variable=sic_change_5d_buffer;lag_group=event-time
LEAD_060,lead_lag,primary,barents_sea,,sic_change_5d,sic_change_5d_buffer,300,post-event,"1,3,5","-10,-7,-5",major_severe local events,unique_local_event_id,1000,complete 90-row lead-lag background-test table,outputs/lead_lag/lead_lag_background_tests.csv,region=barents_sea;variable=sic_change_5d_buffer;lag_group=post-event
LEAD_061,lead_lag,primary,barents_sea,,mean_sea_level_pressure,era5_msl_buffer,300,pre-event,"-3,-1","-10,-7,-5",major_severe local events,unique_local_event_id,1000,complete 90-row lead-lag background-test table,outputs/lead_lag/lead_lag_background_tests.csv,region=barents_sea;variable=era5_msl_buffer;lag_group=pre-event
LEAD_062,lead_lag,primary,barents_sea,,mean_sea_level_pressure,era5_msl_buffer,300,event-time,0,"-10,-7,-5",major_severe local events,unique_local_event_id,1000,complete 90-row lead-lag background-test table,outputs/lead_lag/lead_lag_background_tests.csv,region=barents_sea;variable=era5_msl_buffer;lag_group=event-time
LEAD_063,lead_lag,primary,barents_sea,,mean_sea_level_pressure,era5_msl_buffer,300,post-event,"1,3,5","-10,-7,-5",major_severe local events,unique_local_event_id,1000,complete 90-row lead-lag background-test table,outputs/lead_lag/lead_lag_background_tests.csv,region=barents_sea;variable=era5_msl_buffer;lag_group=post-event
LEAD_064,lead_lag,primary,barents_sea,,zonal_wind_u10,era5_u10_buffer,300,pre-event,"-3,-1","-10,-7,-5",major_severe local events,unique_local_event_id,1000,complete 90-row lead-lag background-test table,outputs/lead_lag/lead_lag_background_tests.csv,region=barents_sea;variable=era5_u10_buffer;lag_group=pre-event
LEAD_065,lead_lag,primary,barents_sea,,zonal_wind_u10,era5_u10_buffer,300,event-time,0,"-10,-7,-5",major_severe local events,unique_local_event_id,1000,complete 90-row lead-lag background-test table,outputs/lead_lag/lead_lag_background_tests.csv,region=barents_sea;variable=era5_u10_buffer;lag_group=event-time
LEAD_066,lead_lag,primary,barents_sea,,zonal_wind_u10,era5_u10_buffer,300,post-event,"1,3,5","-10,-7,-5",major_severe local events,unique_local_event_id,1000,complete 90-row lead-lag background-test table,outputs/lead_lag/lead_lag_background_tests.csv,region=barents_sea;variable=era5_u10_buffer;lag_group=post-event
LEAD_067,lead_lag,primary,barents_sea,,meridional_wind_v10,era5_v10_buffer,300,pre-event,"-3,-1","-10,-7,-5",major_severe local events,unique_local_event_id,1000,complete 90-row lead-lag background-test table,outputs/lead_lag/lead_lag_background_tests.csv,region=barents_sea;variable=era5_v10_buffer;lag_group=pre-event
LEAD_068,lead_lag,primary,barents_sea,,meridional_wind_v10,era5_v10_buffer,300,event-time,0,"-10,-7,-5",major_severe local events,unique_local_event_id,1000,complete 90-row lead-lag background-test table,outputs/lead_lag/lead_lag_background_tests.csv,region=barents_sea;variable=era5_v10_buffer;lag_group=event-time
LEAD_069,lead_lag,primary,barents_sea,,meridional_wind_v10,era5_v10_buffer,300,post-event,"1,3,5","-10,-7,-5",major_severe local events,unique_local_event_id,1000,complete 90-row lead-lag background-test table,outputs/lead_lag/lead_lag_background_tests.csv,region=barents_sea;variable=era5_v10_buffer;lag_group=post-event
LEAD_070,lead_lag,primary,barents_sea,,wind_speed_10m,era5_wspd10_buffer,300,pre-event,"-3,-1","-10,-7,-5",major_severe local events,unique_local_event_id,1000,complete 90-row lead-lag background-test table,outputs/lead_lag/lead_lag_background_tests.csv,region=barents_sea;variable=era5_wspd10_buffer;lag_group=pre-event
LEAD_071,lead_lag,primary,barents_sea,,wind_speed_10m,era5_wspd10_buffer,300,event-time,0,"-10,-7,-5",major_severe local events,unique_local_event_id,1000,complete 90-row lead-lag background-test table,outputs/lead_lag/lead_lag_background_tests.csv,region=barents_sea;variable=era5_wspd10_buffer;lag_group=event-time
LEAD_072,lead_lag,primary,barents_sea,,wind_speed_10m,era5_wspd10_buffer,300,post-event,"1,3,5","-10,-7,-5",major_severe local events,unique_local_event_id,1000,complete 90-row lead-lag background-test table,outputs/lead_lag/lead_lag_background_tests.csv,region=barents_sea;variable=era5_wspd10_buffer;lag_group=post-event
LEAD_073,lead_lag,primary,central_arctic,,sic_state,sic_mean_buffer,300,pre-event,"-3,-1","-10,-7,-5",major_severe local events,unique_local_event_id,1000,complete 90-row lead-lag background-test table,outputs/lead_lag/lead_lag_background_tests.csv,region=central_arctic;variable=sic_mean_buffer;lag_group=pre-event
LEAD_074,lead_lag,primary,central_arctic,,sic_state,sic_mean_buffer,300,event-time,0,"-10,-7,-5",major_severe local events,unique_local_event_id,1000,complete 90-row lead-lag background-test table,outputs/lead_lag/lead_lag_background_tests.csv,region=central_arctic;variable=sic_mean_buffer;lag_group=event-time
LEAD_075,lead_lag,primary,central_arctic,,sic_state,sic_mean_buffer,300,post-event,"1,3,5","-10,-7,-5",major_severe local events,unique_local_event_id,1000,complete 90-row lead-lag background-test table,outputs/lead_lag/lead_lag_background_tests.csv,region=central_arctic;variable=sic_mean_buffer;lag_group=post-event
LEAD_076,lead_lag,primary,central_arctic,,sic_change_5d,sic_change_5d_buffer,300,pre-event,"-3,-1","-10,-7,-5",major_severe local events,unique_local_event_id,1000,complete 90-row lead-lag background-test table,outputs/lead_lag/lead_lag_background_tests.csv,region=central_arctic;variable=sic_change_5d_buffer;lag_group=pre-event
LEAD_077,lead_lag,primary,central_arctic,,sic_change_5d,sic_change_5d_buffer,300,event-time,0,"-10,-7,-5",major_severe local events,unique_local_event_id,1000,complete 90-row lead-lag background-test table,outputs/lead_lag/lead_lag_background_tests.csv,region=central_arctic;variable=sic_change_5d_buffer;lag_group=event-time
LEAD_078,lead_lag,primary,central_arctic,,sic_change_5d,sic_change_5d_buffer,300,post-event,"1,3,5","-10,-7,-5",major_severe local events,unique_local_event_id,1000,complete 90-row lead-lag background-test table,outputs/lead_lag/lead_lag_background_tests.csv,region=central_arctic;variable=sic_change_5d_buffer;lag_group=post-event
LEAD_079,lead_lag,primary,central_arctic,,mean_sea_level_pressure,era5_msl_buffer,300,pre-event,"-3,-1","-10,-7,-5",major_severe local events,unique_local_event_id,1000,complete 90-row lead-lag background-test table,outputs/lead_lag/lead_lag_background_tests.csv,region=central_arctic;variable=era5_msl_buffer;lag_group=pre-event
LEAD_080,lead_lag,primary,central_arctic,,mean_sea_level_pressure,era5_msl_buffer,300,event-time,0,"-10,-7,-5",major_severe local events,unique_local_event_id,1000,complete 90-row lead-lag background-test table,outputs/lead_lag/lead_lag_background_tests.csv,region=central_arctic;variable=era5_msl_buffer;lag_group=event-time
LEAD_081,lead_lag,primary,central_arctic,,mean_sea_level_pressure,era5_msl_buffer,300,post-event,"1,3,5","-10,-7,-5",major_severe local events,unique_local_event_id,1000,complete 90-row lead-lag background-test table,outputs/lead_lag/lead_lag_background_tests.csv,region=central_arctic;variable=era5_msl_buffer;lag_group=post-event
LEAD_082,lead_lag,primary,central_arctic,,zonal_wind_u10,era5_u10_buffer,300,pre-event,"-3,-1","-10,-7,-5",major_severe local events,unique_local_event_id,1000,complete 90-row lead-lag background-test table,outputs/lead_lag/lead_lag_background_tests.csv,region=central_arctic;variable=era5_u10_buffer;lag_group=pre-event
LEAD_083,lead_lag,primary,central_arctic,,zonal_wind_u10,era5_u10_buffer,300,event-time,0,"-10,-7,-5",major_severe local events,unique_local_event_id,1000,complete 90-row lead-lag background-test table,outputs/lead_lag/lead_lag_background_tests.csv,region=central_arctic;variable=era5_u10_buffer;lag_group=event-time
LEAD_084,lead_lag,primary,central_arctic,,zonal_wind_u10,era5_u10_buffer,300,post-event,"1,3,5","-10,-7,-5",major_severe local events,unique_local_event_id,1000,complete 90-row lead-lag background-test table,outputs/lead_lag/lead_lag_background_tests.csv,region=central_arctic;variable=era5_u10_buffer;lag_group=post-event
LEAD_085,lead_lag,primary,central_arctic,,meridional_wind_v10,era5_v10_buffer,300,pre-event,"-3,-1","-10,-7,-5",major_severe local events,unique_local_event_id,1000,complete 90-row lead-lag background-test table,outputs/lead_lag/lead_lag_background_tests.csv,region=central_arctic;variable=era5_v10_buffer;lag_group=pre-event
LEAD_086,lead_lag,primary,central_arctic,,meridional_wind_v10,era5_v10_buffer,300,event-time,0,"-10,-7,-5",major_severe local events,unique_local_event_id,1000,complete 90-row lead-lag background-test table,outputs/lead_lag/lead_lag_background_tests.csv,region=central_arctic;variable=era5_v10_buffer;lag_group=event-time
LEAD_087,lead_lag,primary,central_arctic,,meridional_wind_v10,era5_v10_buffer,300,post-event,"1,3,5","-10,-7,-5",major_severe local events,unique_local_event_id,1000,complete 90-row lead-lag background-test table,outputs/lead_lag/lead_lag_background_tests.csv,region=central_arctic;variable=era5_v10_buffer;lag_group=post-event
LEAD_088,lead_lag,primary,central_arctic,,wind_speed_10m,era5_wspd10_buffer,300,pre-event,"-3,-1","-10,-7,-5",major_severe local events,unique_local_event_id,1000,complete 90-row lead-lag background-test table,outputs/lead_lag/lead_lag_background_tests.csv,region=central_arctic;variable=era5_wspd10_buffer;lag_group=pre-event
LEAD_089,lead_lag,primary,central_arctic,,wind_speed_10m,era5_wspd10_buffer,300,event-time,0,"-10,-7,-5",major_severe local events,unique_local_event_id,1000,complete 90-row lead-lag background-test table,outputs/lead_lag/lead_lag_background_tests.csv,region=central_arctic;variable=era5_wspd10_buffer;lag_group=event-time
LEAD_090,lead_lag,primary,central_arctic,,wind_speed_10m,era5_wspd10_buffer,300,post-event,"1,3,5","-10,-7,-5",major_severe local events,unique_local_event_id,1000,complete 90-row lead-lag background-test table,outputs/lead_lag/lead_lag_background_tests.csv,region=central_arctic;variable=era5_wspd10_buffer;lag_group=post-event
WRONG_001,wrong_region_control,primary,barents_sea,beaufort_sea,mean_sea_level_pressure,era5_msl_buffer,100,event_minus_background_specificity,"-1,0","-10,-7,-5",same source major_severe local events,source_event_id,1000,separately within each source_region across wrong-region × buffer × variable tests,outputs/controls/wrong_region_control_statistical.csv,source=barents_sea;wrong=beaufort_sea;variable=era5_msl_buffer;buffer_km=100
WRONG_002,wrong_region_control,primary,barents_sea,beaufort_sea,zonal_wind_u10,era5_u10_buffer,100,event_minus_background_specificity,"-1,0","-10,-7,-5",same source major_severe local events,source_event_id,1000,separately within each source_region across wrong-region × buffer × variable tests,outputs/controls/wrong_region_control_statistical.csv,source=barents_sea;wrong=beaufort_sea;variable=era5_u10_buffer;buffer_km=100
WRONG_003,wrong_region_control,primary,barents_sea,beaufort_sea,meridional_wind_v10,era5_v10_buffer,100,event_minus_background_specificity,"-1,0","-10,-7,-5",same source major_severe local events,source_event_id,1000,separately within each source_region across wrong-region × buffer × variable tests,outputs/controls/wrong_region_control_statistical.csv,source=barents_sea;wrong=beaufort_sea;variable=era5_v10_buffer;buffer_km=100
WRONG_004,wrong_region_control,primary,barents_sea,beaufort_sea,wind_speed_10m,era5_wspd10_buffer,100,event_minus_background_specificity,"-1,0","-10,-7,-5",same source major_severe local events,source_event_id,1000,separately within each source_region across wrong-region × buffer × variable tests,outputs/controls/wrong_region_control_statistical.csv,source=barents_sea;wrong=beaufort_sea;variable=era5_wspd10_buffer;buffer_km=100
WRONG_005,wrong_region_control,primary,barents_sea,beaufort_sea,sic_change_5d,sic_change_5d_buffer,100,event_minus_background_specificity,"-1,0","-10,-7,-5",same source major_severe local events,source_event_id,1000,separately within each source_region across wrong-region × buffer × variable tests,outputs/controls/wrong_region_control_statistical.csv,source=barents_sea;wrong=beaufort_sea;variable=sic_change_5d_buffer;buffer_km=100
WRONG_006,wrong_region_control,primary,barents_sea,beaufort_sea,sic_state,sic_mean_buffer,100,event_minus_background_specificity,"-1,0","-10,-7,-5",same source major_severe local events,source_event_id,1000,separately within each source_region across wrong-region × buffer × variable tests,outputs/controls/wrong_region_control_statistical.csv,source=barents_sea;wrong=beaufort_sea;variable=sic_mean_buffer;buffer_km=100
WRONG_007,wrong_region_control,primary,barents_sea,beaufort_sea,mean_sea_level_pressure,era5_msl_buffer,300,event_minus_background_specificity,"-1,0","-10,-7,-5",same source major_severe local events,source_event_id,1000,separately within each source_region across wrong-region × buffer × variable tests,outputs/controls/wrong_region_control_statistical.csv,source=barents_sea;wrong=beaufort_sea;variable=era5_msl_buffer;buffer_km=300
WRONG_008,wrong_region_control,primary,barents_sea,beaufort_sea,zonal_wind_u10,era5_u10_buffer,300,event_minus_background_specificity,"-1,0","-10,-7,-5",same source major_severe local events,source_event_id,1000,separately within each source_region across wrong-region × buffer × variable tests,outputs/controls/wrong_region_control_statistical.csv,source=barents_sea;wrong=beaufort_sea;variable=era5_u10_buffer;buffer_km=300
WRONG_009,wrong_region_control,primary,barents_sea,beaufort_sea,meridional_wind_v10,era5_v10_buffer,300,event_minus_background_specificity,"-1,0","-10,-7,-5",same source major_severe local events,source_event_id,1000,separately within each source_region across wrong-region × buffer × variable tests,outputs/controls/wrong_region_control_statistical.csv,source=barents_sea;wrong=beaufort_sea;variable=era5_v10_buffer;buffer_km=300
WRONG_010,wrong_region_control,primary,barents_sea,beaufort_sea,wind_speed_10m,era5_wspd10_buffer,300,event_minus_background_specificity,"-1,0","-10,-7,-5",same source major_severe local events,source_event_id,1000,separately within each source_region across wrong-region × buffer × variable tests,outputs/controls/wrong_region_control_statistical.csv,source=barents_sea;wrong=beaufort_sea;variable=era5_wspd10_buffer;buffer_km=300
WRONG_011,wrong_region_control,primary,barents_sea,beaufort_sea,sic_change_5d,sic_change_5d_buffer,300,event_minus_background_specificity,"-1,0","-10,-7,-5",same source major_severe local events,source_event_id,1000,separately within each source_region across wrong-region × buffer × variable tests,outputs/controls/wrong_region_control_statistical.csv,source=barents_sea;wrong=beaufort_sea;variable=sic_change_5d_buffer;buffer_km=300
WRONG_012,wrong_region_control,primary,barents_sea,beaufort_sea,sic_state,sic_mean_buffer,300,event_minus_background_specificity,"-1,0","-10,-7,-5",same source major_severe local events,source_event_id,1000,separately within each source_region across wrong-region × buffer × variable tests,outputs/controls/wrong_region_control_statistical.csv,source=barents_sea;wrong=beaufort_sea;variable=sic_mean_buffer;buffer_km=300
WRONG_013,wrong_region_control,primary,barents_sea,beaufort_sea,mean_sea_level_pressure,era5_msl_buffer,500,event_minus_background_specificity,"-1,0","-10,-7,-5",same source major_severe local events,source_event_id,1000,separately within each source_region across wrong-region × buffer × variable tests,outputs/controls/wrong_region_control_statistical.csv,source=barents_sea;wrong=beaufort_sea;variable=era5_msl_buffer;buffer_km=500
WRONG_014,wrong_region_control,primary,barents_sea,beaufort_sea,zonal_wind_u10,era5_u10_buffer,500,event_minus_background_specificity,"-1,0","-10,-7,-5",same source major_severe local events,source_event_id,1000,separately within each source_region across wrong-region × buffer × variable tests,outputs/controls/wrong_region_control_statistical.csv,source=barents_sea;wrong=beaufort_sea;variable=era5_u10_buffer;buffer_km=500
WRONG_015,wrong_region_control,primary,barents_sea,beaufort_sea,meridional_wind_v10,era5_v10_buffer,500,event_minus_background_specificity,"-1,0","-10,-7,-5",same source major_severe local events,source_event_id,1000,separately within each source_region across wrong-region × buffer × variable tests,outputs/controls/wrong_region_control_statistical.csv,source=barents_sea;wrong=beaufort_sea;variable=era5_v10_buffer;buffer_km=500
WRONG_016,wrong_region_control,primary,barents_sea,beaufort_sea,wind_speed_10m,era5_wspd10_buffer,500,event_minus_background_specificity,"-1,0","-10,-7,-5",same source major_severe local events,source_event_id,1000,separately within each source_region across wrong-region × buffer × variable tests,outputs/controls/wrong_region_control_statistical.csv,source=barents_sea;wrong=beaufort_sea;variable=era5_wspd10_buffer;buffer_km=500
WRONG_017,wrong_region_control,primary,barents_sea,beaufort_sea,sic_change_5d,sic_change_5d_buffer,500,event_minus_background_specificity,"-1,0","-10,-7,-5",same source major_severe local events,source_event_id,1000,separately within each source_region across wrong-region × buffer × variable tests,outputs/controls/wrong_region_control_statistical.csv,source=barents_sea;wrong=beaufort_sea;variable=sic_change_5d_buffer;buffer_km=500
WRONG_018,wrong_region_control,primary,barents_sea,beaufort_sea,sic_state,sic_mean_buffer,500,event_minus_background_specificity,"-1,0","-10,-7,-5",same source major_severe local events,source_event_id,1000,separately within each source_region across wrong-region × buffer × variable tests,outputs/controls/wrong_region_control_statistical.csv,source=barents_sea;wrong=beaufort_sea;variable=sic_mean_buffer;buffer_km=500
WRONG_019,wrong_region_control,primary,barents_sea,central_arctic,mean_sea_level_pressure,era5_msl_buffer,100,event_minus_background_specificity,"-1,0","-10,-7,-5",same source major_severe local events,source_event_id,1000,separately within each source_region across wrong-region × buffer × variable tests,outputs/controls/wrong_region_control_statistical.csv,source=barents_sea;wrong=central_arctic;variable=era5_msl_buffer;buffer_km=100
WRONG_020,wrong_region_control,primary,barents_sea,central_arctic,zonal_wind_u10,era5_u10_buffer,100,event_minus_background_specificity,"-1,0","-10,-7,-5",same source major_severe local events,source_event_id,1000,separately within each source_region across wrong-region × buffer × variable tests,outputs/controls/wrong_region_control_statistical.csv,source=barents_sea;wrong=central_arctic;variable=era5_u10_buffer;buffer_km=100
WRONG_021,wrong_region_control,primary,barents_sea,central_arctic,meridional_wind_v10,era5_v10_buffer,100,event_minus_background_specificity,"-1,0","-10,-7,-5",same source major_severe local events,source_event_id,1000,separately within each source_region across wrong-region × buffer × variable tests,outputs/controls/wrong_region_control_statistical.csv,source=barents_sea;wrong=central_arctic;variable=era5_v10_buffer;buffer_km=100
WRONG_022,wrong_region_control,primary,barents_sea,central_arctic,wind_speed_10m,era5_wspd10_buffer,100,event_minus_background_specificity,"-1,0","-10,-7,-5",same source major_severe local events,source_event_id,1000,separately within each source_region across wrong-region × buffer × variable tests,outputs/controls/wrong_region_control_statistical.csv,source=barents_sea;wrong=central_arctic;variable=era5_wspd10_buffer;buffer_km=100
WRONG_023,wrong_region_control,primary,barents_sea,central_arctic,sic_change_5d,sic_change_5d_buffer,100,event_minus_background_specificity,"-1,0","-10,-7,-5",same source major_severe local events,source_event_id,1000,separately within each source_region across wrong-region × buffer × variable tests,outputs/controls/wrong_region_control_statistical.csv,source=barents_sea;wrong=central_arctic;variable=sic_change_5d_buffer;buffer_km=100
WRONG_024,wrong_region_control,primary,barents_sea,central_arctic,sic_state,sic_mean_buffer,100,event_minus_background_specificity,"-1,0","-10,-7,-5",same source major_severe local events,source_event_id,1000,separately within each source_region across wrong-region × buffer × variable tests,outputs/controls/wrong_region_control_statistical.csv,source=barents_sea;wrong=central_arctic;variable=sic_mean_buffer;buffer_km=100
WRONG_025,wrong_region_control,primary,barents_sea,central_arctic,mean_sea_level_pressure,era5_msl_buffer,300,event_minus_background_specificity,"-1,0","-10,-7,-5",same source major_severe local events,source_event_id,1000,separately within each source_region across wrong-region × buffer × variable tests,outputs/controls/wrong_region_control_statistical.csv,source=barents_sea;wrong=central_arctic;variable=era5_msl_buffer;buffer_km=300
WRONG_026,wrong_region_control,primary,barents_sea,central_arctic,zonal_wind_u10,era5_u10_buffer,300,event_minus_background_specificity,"-1,0","-10,-7,-5",same source major_severe local events,source_event_id,1000,separately within each source_region across wrong-region × buffer × variable tests,outputs/controls/wrong_region_control_statistical.csv,source=barents_sea;wrong=central_arctic;variable=era5_u10_buffer;buffer_km=300
WRONG_027,wrong_region_control,primary,barents_sea,central_arctic,meridional_wind_v10,era5_v10_buffer,300,event_minus_background_specificity,"-1,0","-10,-7,-5",same source major_severe local events,source_event_id,1000,separately within each source_region across wrong-region × buffer × variable tests,outputs/controls/wrong_region_control_statistical.csv,source=barents_sea;wrong=central_arctic;variable=era5_v10_buffer;buffer_km=300
WRONG_028,wrong_region_control,primary,barents_sea,central_arctic,wind_speed_10m,era5_wspd10_buffer,300,event_minus_background_specificity,"-1,0","-10,-7,-5",same source major_severe local events,source_event_id,1000,separately within each source_region across wrong-region × buffer × variable tests,outputs/controls/wrong_region_control_statistical.csv,source=barents_sea;wrong=central_arctic;variable=era5_wspd10_buffer;buffer_km=300
WRONG_029,wrong_region_control,primary,barents_sea,central_arctic,sic_change_5d,sic_change_5d_buffer,300,event_minus_background_specificity,"-1,0","-10,-7,-5",same source major_severe local events,source_event_id,1000,separately within each source_region across wrong-region × buffer × variable tests,outputs/controls/wrong_region_control_statistical.csv,source=barents_sea;wrong=central_arctic;variable=sic_change_5d_buffer;buffer_km=300
WRONG_030,wrong_region_control,primary,barents_sea,central_arctic,sic_state,sic_mean_buffer,300,event_minus_background_specificity,"-1,0","-10,-7,-5",same source major_severe local events,source_event_id,1000,separately within each source_region across wrong-region × buffer × variable tests,outputs/controls/wrong_region_control_statistical.csv,source=barents_sea;wrong=central_arctic;variable=sic_mean_buffer;buffer_km=300
WRONG_031,wrong_region_control,primary,barents_sea,central_arctic,mean_sea_level_pressure,era5_msl_buffer,500,event_minus_background_specificity,"-1,0","-10,-7,-5",same source major_severe local events,source_event_id,1000,separately within each source_region across wrong-region × buffer × variable tests,outputs/controls/wrong_region_control_statistical.csv,source=barents_sea;wrong=central_arctic;variable=era5_msl_buffer;buffer_km=500
WRONG_032,wrong_region_control,primary,barents_sea,central_arctic,zonal_wind_u10,era5_u10_buffer,500,event_minus_background_specificity,"-1,0","-10,-7,-5",same source major_severe local events,source_event_id,1000,separately within each source_region across wrong-region × buffer × variable tests,outputs/controls/wrong_region_control_statistical.csv,source=barents_sea;wrong=central_arctic;variable=era5_u10_buffer;buffer_km=500
WRONG_033,wrong_region_control,primary,barents_sea,central_arctic,meridional_wind_v10,era5_v10_buffer,500,event_minus_background_specificity,"-1,0","-10,-7,-5",same source major_severe local events,source_event_id,1000,separately within each source_region across wrong-region × buffer × variable tests,outputs/controls/wrong_region_control_statistical.csv,source=barents_sea;wrong=central_arctic;variable=era5_v10_buffer;buffer_km=500
WRONG_034,wrong_region_control,primary,barents_sea,central_arctic,wind_speed_10m,era5_wspd10_buffer,500,event_minus_background_specificity,"-1,0","-10,-7,-5",same source major_severe local events,source_event_id,1000,separately within each source_region across wrong-region × buffer × variable tests,outputs/controls/wrong_region_control_statistical.csv,source=barents_sea;wrong=central_arctic;variable=era5_wspd10_buffer;buffer_km=500
WRONG_035,wrong_region_control,primary,barents_sea,central_arctic,sic_change_5d,sic_change_5d_buffer,500,event_minus_background_specificity,"-1,0","-10,-7,-5",same source major_severe local events,source_event_id,1000,separately within each source_region across wrong-region × buffer × variable tests,outputs/controls/wrong_region_control_statistical.csv,source=barents_sea;wrong=central_arctic;variable=sic_change_5d_buffer;buffer_km=500
WRONG_036,wrong_region_control,primary,barents_sea,central_arctic,sic_state,sic_mean_buffer,500,event_minus_background_specificity,"-1,0","-10,-7,-5",same source major_severe local events,source_event_id,1000,separately within each source_region across wrong-region × buffer × variable tests,outputs/controls/wrong_region_control_statistical.csv,source=barents_sea;wrong=central_arctic;variable=sic_mean_buffer;buffer_km=500
WRONG_037,wrong_region_control,primary,barents_sea,kara_sea,mean_sea_level_pressure,era5_msl_buffer,100,event_minus_background_specificity,"-1,0","-10,-7,-5",same source major_severe local events,source_event_id,1000,separately within each source_region across wrong-region × buffer × variable tests,outputs/controls/wrong_region_control_statistical.csv,source=barents_sea;wrong=kara_sea;variable=era5_msl_buffer;buffer_km=100
WRONG_038,wrong_region_control,primary,barents_sea,kara_sea,zonal_wind_u10,era5_u10_buffer,100,event_minus_background_specificity,"-1,0","-10,-7,-5",same source major_severe local events,source_event_id,1000,separately within each source_region across wrong-region × buffer × variable tests,outputs/controls/wrong_region_control_statistical.csv,source=barents_sea;wrong=kara_sea;variable=era5_u10_buffer;buffer_km=100
WRONG_039,wrong_region_control,primary,barents_sea,kara_sea,meridional_wind_v10,era5_v10_buffer,100,event_minus_background_specificity,"-1,0","-10,-7,-5",same source major_severe local events,source_event_id,1000,separately within each source_region across wrong-region × buffer × variable tests,outputs/controls/wrong_region_control_statistical.csv,source=barents_sea;wrong=kara_sea;variable=era5_v10_buffer;buffer_km=100
WRONG_040,wrong_region_control,primary,barents_sea,kara_sea,wind_speed_10m,era5_wspd10_buffer,100,event_minus_background_specificity,"-1,0","-10,-7,-5",same source major_severe local events,source_event_id,1000,separately within each source_region across wrong-region × buffer × variable tests,outputs/controls/wrong_region_control_statistical.csv,source=barents_sea;wrong=kara_sea;variable=era5_wspd10_buffer;buffer_km=100
WRONG_041,wrong_region_control,primary,barents_sea,kara_sea,sic_change_5d,sic_change_5d_buffer,100,event_minus_background_specificity,"-1,0","-10,-7,-5",same source major_severe local events,source_event_id,1000,separately within each source_region across wrong-region × buffer × variable tests,outputs/controls/wrong_region_control_statistical.csv,source=barents_sea;wrong=kara_sea;variable=sic_change_5d_buffer;buffer_km=100
WRONG_042,wrong_region_control,primary,barents_sea,kara_sea,sic_state,sic_mean_buffer,100,event_minus_background_specificity,"-1,0","-10,-7,-5",same source major_severe local events,source_event_id,1000,separately within each source_region across wrong-region × buffer × variable tests,outputs/controls/wrong_region_control_statistical.csv,source=barents_sea;wrong=kara_sea;variable=sic_mean_buffer;buffer_km=100
WRONG_043,wrong_region_control,primary,barents_sea,kara_sea,mean_sea_level_pressure,era5_msl_buffer,300,event_minus_background_specificity,"-1,0","-10,-7,-5",same source major_severe local events,source_event_id,1000,separately within each source_region across wrong-region × buffer × variable tests,outputs/controls/wrong_region_control_statistical.csv,source=barents_sea;wrong=kara_sea;variable=era5_msl_buffer;buffer_km=300
WRONG_044,wrong_region_control,primary,barents_sea,kara_sea,zonal_wind_u10,era5_u10_buffer,300,event_minus_background_specificity,"-1,0","-10,-7,-5",same source major_severe local events,source_event_id,1000,separately within each source_region across wrong-region × buffer × variable tests,outputs/controls/wrong_region_control_statistical.csv,source=barents_sea;wrong=kara_sea;variable=era5_u10_buffer;buffer_km=300
WRONG_045,wrong_region_control,primary,barents_sea,kara_sea,meridional_wind_v10,era5_v10_buffer,300,event_minus_background_specificity,"-1,0","-10,-7,-5",same source major_severe local events,source_event_id,1000,separately within each source_region across wrong-region × buffer × variable tests,outputs/controls/wrong_region_control_statistical.csv,source=barents_sea;wrong=kara_sea;variable=era5_v10_buffer;buffer_km=300
WRONG_046,wrong_region_control,primary,barents_sea,kara_sea,wind_speed_10m,era5_wspd10_buffer,300,event_minus_background_specificity,"-1,0","-10,-7,-5",same source major_severe local events,source_event_id,1000,separately within each source_region across wrong-region × buffer × variable tests,outputs/controls/wrong_region_control_statistical.csv,source=barents_sea;wrong=kara_sea;variable=era5_wspd10_buffer;buffer_km=300
WRONG_047,wrong_region_control,primary,barents_sea,kara_sea,sic_change_5d,sic_change_5d_buffer,300,event_minus_background_specificity,"-1,0","-10,-7,-5",same source major_severe local events,source_event_id,1000,separately within each source_region across wrong-region × buffer × variable tests,outputs/controls/wrong_region_control_statistical.csv,source=barents_sea;wrong=kara_sea;variable=sic_change_5d_buffer;buffer_km=300
WRONG_048,wrong_region_control,primary,barents_sea,kara_sea,sic_state,sic_mean_buffer,300,event_minus_background_specificity,"-1,0","-10,-7,-5",same source major_severe local events,source_event_id,1000,separately within each source_region across wrong-region × buffer × variable tests,outputs/controls/wrong_region_control_statistical.csv,source=barents_sea;wrong=kara_sea;variable=sic_mean_buffer;buffer_km=300
WRONG_049,wrong_region_control,primary,barents_sea,kara_sea,mean_sea_level_pressure,era5_msl_buffer,500,event_minus_background_specificity,"-1,0","-10,-7,-5",same source major_severe local events,source_event_id,1000,separately within each source_region across wrong-region × buffer × variable tests,outputs/controls/wrong_region_control_statistical.csv,source=barents_sea;wrong=kara_sea;variable=era5_msl_buffer;buffer_km=500
WRONG_050,wrong_region_control,primary,barents_sea,kara_sea,zonal_wind_u10,era5_u10_buffer,500,event_minus_background_specificity,"-1,0","-10,-7,-5",same source major_severe local events,source_event_id,1000,separately within each source_region across wrong-region × buffer × variable tests,outputs/controls/wrong_region_control_statistical.csv,source=barents_sea;wrong=kara_sea;variable=era5_u10_buffer;buffer_km=500
WRONG_051,wrong_region_control,primary,barents_sea,kara_sea,meridional_wind_v10,era5_v10_buffer,500,event_minus_background_specificity,"-1,0","-10,-7,-5",same source major_severe local events,source_event_id,1000,separately within each source_region across wrong-region × buffer × variable tests,outputs/controls/wrong_region_control_statistical.csv,source=barents_sea;wrong=kara_sea;variable=era5_v10_buffer;buffer_km=500
WRONG_052,wrong_region_control,primary,barents_sea,kara_sea,wind_speed_10m,era5_wspd10_buffer,500,event_minus_background_specificity,"-1,0","-10,-7,-5",same source major_severe local events,source_event_id,1000,separately within each source_region across wrong-region × buffer × variable tests,outputs/controls/wrong_region_control_statistical.csv,source=barents_sea;wrong=kara_sea;variable=era5_wspd10_buffer;buffer_km=500
WRONG_053,wrong_region_control,primary,barents_sea,kara_sea,sic_change_5d,sic_change_5d_buffer,500,event_minus_background_specificity,"-1,0","-10,-7,-5",same source major_severe local events,source_event_id,1000,separately within each source_region across wrong-region × buffer × variable tests,outputs/controls/wrong_region_control_statistical.csv,source=barents_sea;wrong=kara_sea;variable=sic_change_5d_buffer;buffer_km=500
WRONG_054,wrong_region_control,primary,barents_sea,kara_sea,sic_state,sic_mean_buffer,500,event_minus_background_specificity,"-1,0","-10,-7,-5",same source major_severe local events,source_event_id,1000,separately within each source_region across wrong-region × buffer × variable tests,outputs/controls/wrong_region_control_statistical.csv,source=barents_sea;wrong=kara_sea;variable=sic_mean_buffer;buffer_km=500
WRONG_055,wrong_region_control,primary,barents_sea,laptev_sea,mean_sea_level_pressure,era5_msl_buffer,100,event_minus_background_specificity,"-1,0","-10,-7,-5",same source major_severe local events,source_event_id,1000,separately within each source_region across wrong-region × buffer × variable tests,outputs/controls/wrong_region_control_statistical.csv,source=barents_sea;wrong=laptev_sea;variable=era5_msl_buffer;buffer_km=100
WRONG_056,wrong_region_control,primary,barents_sea,laptev_sea,zonal_wind_u10,era5_u10_buffer,100,event_minus_background_specificity,"-1,0","-10,-7,-5",same source major_severe local events,source_event_id,1000,separately within each source_region across wrong-region × buffer × variable tests,outputs/controls/wrong_region_control_statistical.csv,source=barents_sea;wrong=laptev_sea;variable=era5_u10_buffer;buffer_km=100
WRONG_057,wrong_region_control,primary,barents_sea,laptev_sea,meridional_wind_v10,era5_v10_buffer,100,event_minus_background_specificity,"-1,0","-10,-7,-5",same source major_severe local events,source_event_id,1000,separately within each source_region across wrong-region × buffer × variable tests,outputs/controls/wrong_region_control_statistical.csv,source=barents_sea;wrong=laptev_sea;variable=era5_v10_buffer;buffer_km=100
WRONG_058,wrong_region_control,primary,barents_sea,laptev_sea,wind_speed_10m,era5_wspd10_buffer,100,event_minus_background_specificity,"-1,0","-10,-7,-5",same source major_severe local events,source_event_id,1000,separately within each source_region across wrong-region × buffer × variable tests,outputs/controls/wrong_region_control_statistical.csv,source=barents_sea;wrong=laptev_sea;variable=era5_wspd10_buffer;buffer_km=100
WRONG_059,wrong_region_control,primary,barents_sea,laptev_sea,sic_change_5d,sic_change_5d_buffer,100,event_minus_background_specificity,"-1,0","-10,-7,-5",same source major_severe local events,source_event_id,1000,separately within each source_region across wrong-region × buffer × variable tests,outputs/controls/wrong_region_control_statistical.csv,source=barents_sea;wrong=laptev_sea;variable=sic_change_5d_buffer;buffer_km=100
WRONG_060,wrong_region_control,primary,barents_sea,laptev_sea,sic_state,sic_mean_buffer,100,event_minus_background_specificity,"-1,0","-10,-7,-5",same source major_severe local events,source_event_id,1000,separately within each source_region across wrong-region × buffer × variable tests,outputs/controls/wrong_region_control_statistical.csv,source=barents_sea;wrong=laptev_sea;variable=sic_mean_buffer;buffer_km=100
WRONG_061,wrong_region_control,primary,barents_sea,laptev_sea,mean_sea_level_pressure,era5_msl_buffer,300,event_minus_background_specificity,"-1,0","-10,-7,-5",same source major_severe local events,source_event_id,1000,separately within each source_region across wrong-region × buffer × variable tests,outputs/controls/wrong_region_control_statistical.csv,source=barents_sea;wrong=laptev_sea;variable=era5_msl_buffer;buffer_km=300
WRONG_062,wrong_region_control,primary,barents_sea,laptev_sea,zonal_wind_u10,era5_u10_buffer,300,event_minus_background_specificity,"-1,0","-10,-7,-5",same source major_severe local events,source_event_id,1000,separately within each source_region across wrong-region × buffer × variable tests,outputs/controls/wrong_region_control_statistical.csv,source=barents_sea;wrong=laptev_sea;variable=era5_u10_buffer;buffer_km=300
WRONG_063,wrong_region_control,primary,barents_sea,laptev_sea,meridional_wind_v10,era5_v10_buffer,300,event_minus_background_specificity,"-1,0","-10,-7,-5",same source major_severe local events,source_event_id,1000,separately within each source_region across wrong-region × buffer × variable tests,outputs/controls/wrong_region_control_statistical.csv,source=barents_sea;wrong=laptev_sea;variable=era5_v10_buffer;buffer_km=300
WRONG_064,wrong_region_control,primary,barents_sea,laptev_sea,wind_speed_10m,era5_wspd10_buffer,300,event_minus_background_specificity,"-1,0","-10,-7,-5",same source major_severe local events,source_event_id,1000,separately within each source_region across wrong-region × buffer × variable tests,outputs/controls/wrong_region_control_statistical.csv,source=barents_sea;wrong=laptev_sea;variable=era5_wspd10_buffer;buffer_km=300
WRONG_065,wrong_region_control,primary,barents_sea,laptev_sea,sic_change_5d,sic_change_5d_buffer,300,event_minus_background_specificity,"-1,0","-10,-7,-5",same source major_severe local events,source_event_id,1000,separately within each source_region across wrong-region × buffer × variable tests,outputs/controls/wrong_region_control_statistical.csv,source=barents_sea;wrong=laptev_sea;variable=sic_change_5d_buffer;buffer_km=300
WRONG_066,wrong_region_control,primary,barents_sea,laptev_sea,sic_state,sic_mean_buffer,300,event_minus_background_specificity,"-1,0","-10,-7,-5",same source major_severe local events,source_event_id,1000,separately within each source_region across wrong-region × buffer × variable tests,outputs/controls/wrong_region_control_statistical.csv,source=barents_sea;wrong=laptev_sea;variable=sic_mean_buffer;buffer_km=300
WRONG_067,wrong_region_control,primary,barents_sea,laptev_sea,mean_sea_level_pressure,era5_msl_buffer,500,event_minus_background_specificity,"-1,0","-10,-7,-5",same source major_severe local events,source_event_id,1000,separately within each source_region across wrong-region × buffer × variable tests,outputs/controls/wrong_region_control_statistical.csv,source=barents_sea;wrong=laptev_sea;variable=era5_msl_buffer;buffer_km=500
WRONG_068,wrong_region_control,primary,barents_sea,laptev_sea,zonal_wind_u10,era5_u10_buffer,500,event_minus_background_specificity,"-1,0","-10,-7,-5",same source major_severe local events,source_event_id,1000,separately within each source_region across wrong-region × buffer × variable tests,outputs/controls/wrong_region_control_statistical.csv,source=barents_sea;wrong=laptev_sea;variable=era5_u10_buffer;buffer_km=500
WRONG_069,wrong_region_control,primary,barents_sea,laptev_sea,meridional_wind_v10,era5_v10_buffer,500,event_minus_background_specificity,"-1,0","-10,-7,-5",same source major_severe local events,source_event_id,1000,separately within each source_region across wrong-region × buffer × variable tests,outputs/controls/wrong_region_control_statistical.csv,source=barents_sea;wrong=laptev_sea;variable=era5_v10_buffer;buffer_km=500
WRONG_070,wrong_region_control,primary,barents_sea,laptev_sea,wind_speed_10m,era5_wspd10_buffer,500,event_minus_background_specificity,"-1,0","-10,-7,-5",same source major_severe local events,source_event_id,1000,separately within each source_region across wrong-region × buffer × variable tests,outputs/controls/wrong_region_control_statistical.csv,source=barents_sea;wrong=laptev_sea;variable=era5_wspd10_buffer;buffer_km=500
WRONG_071,wrong_region_control,primary,barents_sea,laptev_sea,sic_change_5d,sic_change_5d_buffer,500,event_minus_background_specificity,"-1,0","-10,-7,-5",same source major_severe local events,source_event_id,1000,separately within each source_region across wrong-region × buffer × variable tests,outputs/controls/wrong_region_control_statistical.csv,source=barents_sea;wrong=laptev_sea;variable=sic_change_5d_buffer;buffer_km=500
WRONG_072,wrong_region_control,primary,barents_sea,laptev_sea,sic_state,sic_mean_buffer,500,event_minus_background_specificity,"-1,0","-10,-7,-5",same source major_severe local events,source_event_id,1000,separately within each source_region across wrong-region × buffer × variable tests,outputs/controls/wrong_region_control_statistical.csv,source=barents_sea;wrong=laptev_sea;variable=sic_mean_buffer;buffer_km=500
WRONG_073,wrong_region_control,primary,beaufort_sea,barents_sea,mean_sea_level_pressure,era5_msl_buffer,100,event_minus_background_specificity,"-1,0","-10,-7,-5",same source major_severe local events,source_event_id,1000,separately within each source_region across wrong-region × buffer × variable tests,outputs/controls/wrong_region_control_statistical.csv,source=beaufort_sea;wrong=barents_sea;variable=era5_msl_buffer;buffer_km=100
WRONG_074,wrong_region_control,primary,beaufort_sea,barents_sea,zonal_wind_u10,era5_u10_buffer,100,event_minus_background_specificity,"-1,0","-10,-7,-5",same source major_severe local events,source_event_id,1000,separately within each source_region across wrong-region × buffer × variable tests,outputs/controls/wrong_region_control_statistical.csv,source=beaufort_sea;wrong=barents_sea;variable=era5_u10_buffer;buffer_km=100
WRONG_075,wrong_region_control,primary,beaufort_sea,barents_sea,meridional_wind_v10,era5_v10_buffer,100,event_minus_background_specificity,"-1,0","-10,-7,-5",same source major_severe local events,source_event_id,1000,separately within each source_region across wrong-region × buffer × variable tests,outputs/controls/wrong_region_control_statistical.csv,source=beaufort_sea;wrong=barents_sea;variable=era5_v10_buffer;buffer_km=100
WRONG_076,wrong_region_control,primary,beaufort_sea,barents_sea,wind_speed_10m,era5_wspd10_buffer,100,event_minus_background_specificity,"-1,0","-10,-7,-5",same source major_severe local events,source_event_id,1000,separately within each source_region across wrong-region × buffer × variable tests,outputs/controls/wrong_region_control_statistical.csv,source=beaufort_sea;wrong=barents_sea;variable=era5_wspd10_buffer;buffer_km=100
WRONG_077,wrong_region_control,primary,beaufort_sea,barents_sea,sic_change_5d,sic_change_5d_buffer,100,event_minus_background_specificity,"-1,0","-10,-7,-5",same source major_severe local events,source_event_id,1000,separately within each source_region across wrong-region × buffer × variable tests,outputs/controls/wrong_region_control_statistical.csv,source=beaufort_sea;wrong=barents_sea;variable=sic_change_5d_buffer;buffer_km=100
WRONG_078,wrong_region_control,primary,beaufort_sea,barents_sea,sic_state,sic_mean_buffer,100,event_minus_background_specificity,"-1,0","-10,-7,-5",same source major_severe local events,source_event_id,1000,separately within each source_region across wrong-region × buffer × variable tests,outputs/controls/wrong_region_control_statistical.csv,source=beaufort_sea;wrong=barents_sea;variable=sic_mean_buffer;buffer_km=100
WRONG_079,wrong_region_control,primary,beaufort_sea,barents_sea,mean_sea_level_pressure,era5_msl_buffer,300,event_minus_background_specificity,"-1,0","-10,-7,-5",same source major_severe local events,source_event_id,1000,separately within each source_region across wrong-region × buffer × variable tests,outputs/controls/wrong_region_control_statistical.csv,source=beaufort_sea;wrong=barents_sea;variable=era5_msl_buffer;buffer_km=300
WRONG_080,wrong_region_control,primary,beaufort_sea,barents_sea,zonal_wind_u10,era5_u10_buffer,300,event_minus_background_specificity,"-1,0","-10,-7,-5",same source major_severe local events,source_event_id,1000,separately within each source_region across wrong-region × buffer × variable tests,outputs/controls/wrong_region_control_statistical.csv,source=beaufort_sea;wrong=barents_sea;variable=era5_u10_buffer;buffer_km=300
WRONG_081,wrong_region_control,primary,beaufort_sea,barents_sea,meridional_wind_v10,era5_v10_buffer,300,event_minus_background_specificity,"-1,0","-10,-7,-5",same source major_severe local events,source_event_id,1000,separately within each source_region across wrong-region × buffer × variable tests,outputs/controls/wrong_region_control_statistical.csv,source=beaufort_sea;wrong=barents_sea;variable=era5_v10_buffer;buffer_km=300
WRONG_082,wrong_region_control,primary,beaufort_sea,barents_sea,wind_speed_10m,era5_wspd10_buffer,300,event_minus_background_specificity,"-1,0","-10,-7,-5",same source major_severe local events,source_event_id,1000,separately within each source_region across wrong-region × buffer × variable tests,outputs/controls/wrong_region_control_statistical.csv,source=beaufort_sea;wrong=barents_sea;variable=era5_wspd10_buffer;buffer_km=300
WRONG_083,wrong_region_control,primary,beaufort_sea,barents_sea,sic_change_5d,sic_change_5d_buffer,300,event_minus_background_specificity,"-1,0","-10,-7,-5",same source major_severe local events,source_event_id,1000,separately within each source_region across wrong-region × buffer × variable tests,outputs/controls/wrong_region_control_statistical.csv,source=beaufort_sea;wrong=barents_sea;variable=sic_change_5d_buffer;buffer_km=300
WRONG_084,wrong_region_control,primary,beaufort_sea,barents_sea,sic_state,sic_mean_buffer,300,event_minus_background_specificity,"-1,0","-10,-7,-5",same source major_severe local events,source_event_id,1000,separately within each source_region across wrong-region × buffer × variable tests,outputs/controls/wrong_region_control_statistical.csv,source=beaufort_sea;wrong=barents_sea;variable=sic_mean_buffer;buffer_km=300
WRONG_085,wrong_region_control,primary,beaufort_sea,barents_sea,mean_sea_level_pressure,era5_msl_buffer,500,event_minus_background_specificity,"-1,0","-10,-7,-5",same source major_severe local events,source_event_id,1000,separately within each source_region across wrong-region × buffer × variable tests,outputs/controls/wrong_region_control_statistical.csv,source=beaufort_sea;wrong=barents_sea;variable=era5_msl_buffer;buffer_km=500
WRONG_086,wrong_region_control,primary,beaufort_sea,barents_sea,zonal_wind_u10,era5_u10_buffer,500,event_minus_background_specificity,"-1,0","-10,-7,-5",same source major_severe local events,source_event_id,1000,separately within each source_region across wrong-region × buffer × variable tests,outputs/controls/wrong_region_control_statistical.csv,source=beaufort_sea;wrong=barents_sea;variable=era5_u10_buffer;buffer_km=500
WRONG_087,wrong_region_control,primary,beaufort_sea,barents_sea,meridional_wind_v10,era5_v10_buffer,500,event_minus_background_specificity,"-1,0","-10,-7,-5",same source major_severe local events,source_event_id,1000,separately within each source_region across wrong-region × buffer × variable tests,outputs/controls/wrong_region_control_statistical.csv,source=beaufort_sea;wrong=barents_sea;variable=era5_v10_buffer;buffer_km=500
WRONG_088,wrong_region_control,primary,beaufort_sea,barents_sea,wind_speed_10m,era5_wspd10_buffer,500,event_minus_background_specificity,"-1,0","-10,-7,-5",same source major_severe local events,source_event_id,1000,separately within each source_region across wrong-region × buffer × variable tests,outputs/controls/wrong_region_control_statistical.csv,source=beaufort_sea;wrong=barents_sea;variable=era5_wspd10_buffer;buffer_km=500
WRONG_089,wrong_region_control,primary,beaufort_sea,barents_sea,sic_change_5d,sic_change_5d_buffer,500,event_minus_background_specificity,"-1,0","-10,-7,-5",same source major_severe local events,source_event_id,1000,separately within each source_region across wrong-region × buffer × variable tests,outputs/controls/wrong_region_control_statistical.csv,source=beaufort_sea;wrong=barents_sea;variable=sic_change_5d_buffer;buffer_km=500
WRONG_090,wrong_region_control,primary,beaufort_sea,barents_sea,sic_state,sic_mean_buffer,500,event_minus_background_specificity,"-1,0","-10,-7,-5",same source major_severe local events,source_event_id,1000,separately within each source_region across wrong-region × buffer × variable tests,outputs/controls/wrong_region_control_statistical.csv,source=beaufort_sea;wrong=barents_sea;variable=sic_mean_buffer;buffer_km=500
WRONG_091,wrong_region_control,primary,beaufort_sea,central_arctic,mean_sea_level_pressure,era5_msl_buffer,100,event_minus_background_specificity,"-1,0","-10,-7,-5",same source major_severe local events,source_event_id,1000,separately within each source_region across wrong-region × buffer × variable tests,outputs/controls/wrong_region_control_statistical.csv,source=beaufort_sea;wrong=central_arctic;variable=era5_msl_buffer;buffer_km=100
WRONG_092,wrong_region_control,primary,beaufort_sea,central_arctic,zonal_wind_u10,era5_u10_buffer,100,event_minus_background_specificity,"-1,0","-10,-7,-5",same source major_severe local events,source_event_id,1000,separately within each source_region across wrong-region × buffer × variable tests,outputs/controls/wrong_region_control_statistical.csv,source=beaufort_sea;wrong=central_arctic;variable=era5_u10_buffer;buffer_km=100
WRONG_093,wrong_region_control,primary,beaufort_sea,central_arctic,meridional_wind_v10,era5_v10_buffer,100,event_minus_background_specificity,"-1,0","-10,-7,-5",same source major_severe local events,source_event_id,1000,separately within each source_region across wrong-region × buffer × variable tests,outputs/controls/wrong_region_control_statistical.csv,source=beaufort_sea;wrong=central_arctic;variable=era5_v10_buffer;buffer_km=100
WRONG_094,wrong_region_control,primary,beaufort_sea,central_arctic,wind_speed_10m,era5_wspd10_buffer,100,event_minus_background_specificity,"-1,0","-10,-7,-5",same source major_severe local events,source_event_id,1000,separately within each source_region across wrong-region × buffer × variable tests,outputs/controls/wrong_region_control_statistical.csv,source=beaufort_sea;wrong=central_arctic;variable=era5_wspd10_buffer;buffer_km=100
WRONG_095,wrong_region_control,primary,beaufort_sea,central_arctic,sic_change_5d,sic_change_5d_buffer,100,event_minus_background_specificity,"-1,0","-10,-7,-5",same source major_severe local events,source_event_id,1000,separately within each source_region across wrong-region × buffer × variable tests,outputs/controls/wrong_region_control_statistical.csv,source=beaufort_sea;wrong=central_arctic;variable=sic_change_5d_buffer;buffer_km=100
WRONG_096,wrong_region_control,primary,beaufort_sea,central_arctic,sic_state,sic_mean_buffer,100,event_minus_background_specificity,"-1,0","-10,-7,-5",same source major_severe local events,source_event_id,1000,separately within each source_region across wrong-region × buffer × variable tests,outputs/controls/wrong_region_control_statistical.csv,source=beaufort_sea;wrong=central_arctic;variable=sic_mean_buffer;buffer_km=100
WRONG_097,wrong_region_control,primary,beaufort_sea,central_arctic,mean_sea_level_pressure,era5_msl_buffer,300,event_minus_background_specificity,"-1,0","-10,-7,-5",same source major_severe local events,source_event_id,1000,separately within each source_region across wrong-region × buffer × variable tests,outputs/controls/wrong_region_control_statistical.csv,source=beaufort_sea;wrong=central_arctic;variable=era5_msl_buffer;buffer_km=300
WRONG_098,wrong_region_control,primary,beaufort_sea,central_arctic,zonal_wind_u10,era5_u10_buffer,300,event_minus_background_specificity,"-1,0","-10,-7,-5",same source major_severe local events,source_event_id,1000,separately within each source_region across wrong-region × buffer × variable tests,outputs/controls/wrong_region_control_statistical.csv,source=beaufort_sea;wrong=central_arctic;variable=era5_u10_buffer;buffer_km=300
WRONG_099,wrong_region_control,primary,beaufort_sea,central_arctic,meridional_wind_v10,era5_v10_buffer,300,event_minus_background_specificity,"-1,0","-10,-7,-5",same source major_severe local events,source_event_id,1000,separately within each source_region across wrong-region × buffer × variable tests,outputs/controls/wrong_region_control_statistical.csv,source=beaufort_sea;wrong=central_arctic;variable=era5_v10_buffer;buffer_km=300
WRONG_100,wrong_region_control,primary,beaufort_sea,central_arctic,wind_speed_10m,era5_wspd10_buffer,300,event_minus_background_specificity,"-1,0","-10,-7,-5",same source major_severe local events,source_event_id,1000,separately within each source_region across wrong-region × buffer × variable tests,outputs/controls/wrong_region_control_statistical.csv,source=beaufort_sea;wrong=central_arctic;variable=era5_wspd10_buffer;buffer_km=300
WRONG_101,wrong_region_control,primary,beaufort_sea,central_arctic,sic_change_5d,sic_change_5d_buffer,300,event_minus_background_specificity,"-1,0","-10,-7,-5",same source major_severe local events,source_event_id,1000,separately within each source_region across wrong-region × buffer × variable tests,outputs/controls/wrong_region_control_statistical.csv,source=beaufort_sea;wrong=central_arctic;variable=sic_change_5d_buffer;buffer_km=300
WRONG_102,wrong_region_control,primary,beaufort_sea,central_arctic,sic_state,sic_mean_buffer,300,event_minus_background_specificity,"-1,0","-10,-7,-5",same source major_severe local events,source_event_id,1000,separately within each source_region across wrong-region × buffer × variable tests,outputs/controls/wrong_region_control_statistical.csv,source=beaufort_sea;wrong=central_arctic;variable=sic_mean_buffer;buffer_km=300
WRONG_103,wrong_region_control,primary,beaufort_sea,central_arctic,mean_sea_level_pressure,era5_msl_buffer,500,event_minus_background_specificity,"-1,0","-10,-7,-5",same source major_severe local events,source_event_id,1000,separately within each source_region across wrong-region × buffer × variable tests,outputs/controls/wrong_region_control_statistical.csv,source=beaufort_sea;wrong=central_arctic;variable=era5_msl_buffer;buffer_km=500
WRONG_104,wrong_region_control,primary,beaufort_sea,central_arctic,zonal_wind_u10,era5_u10_buffer,500,event_minus_background_specificity,"-1,0","-10,-7,-5",same source major_severe local events,source_event_id,1000,separately within each source_region across wrong-region × buffer × variable tests,outputs/controls/wrong_region_control_statistical.csv,source=beaufort_sea;wrong=central_arctic;variable=era5_u10_buffer;buffer_km=500
WRONG_105,wrong_region_control,primary,beaufort_sea,central_arctic,meridional_wind_v10,era5_v10_buffer,500,event_minus_background_specificity,"-1,0","-10,-7,-5",same source major_severe local events,source_event_id,1000,separately within each source_region across wrong-region × buffer × variable tests,outputs/controls/wrong_region_control_statistical.csv,source=beaufort_sea;wrong=central_arctic;variable=era5_v10_buffer;buffer_km=500
WRONG_106,wrong_region_control,primary,beaufort_sea,central_arctic,wind_speed_10m,era5_wspd10_buffer,500,event_minus_background_specificity,"-1,0","-10,-7,-5",same source major_severe local events,source_event_id,1000,separately within each source_region across wrong-region × buffer × variable tests,outputs/controls/wrong_region_control_statistical.csv,source=beaufort_sea;wrong=central_arctic;variable=era5_wspd10_buffer;buffer_km=500
WRONG_107,wrong_region_control,primary,beaufort_sea,central_arctic,sic_change_5d,sic_change_5d_buffer,500,event_minus_background_specificity,"-1,0","-10,-7,-5",same source major_severe local events,source_event_id,1000,separately within each source_region across wrong-region × buffer × variable tests,outputs/controls/wrong_region_control_statistical.csv,source=beaufort_sea;wrong=central_arctic;variable=sic_change_5d_buffer;buffer_km=500
WRONG_108,wrong_region_control,primary,beaufort_sea,central_arctic,sic_state,sic_mean_buffer,500,event_minus_background_specificity,"-1,0","-10,-7,-5",same source major_severe local events,source_event_id,1000,separately within each source_region across wrong-region × buffer × variable tests,outputs/controls/wrong_region_control_statistical.csv,source=beaufort_sea;wrong=central_arctic;variable=sic_mean_buffer;buffer_km=500
WRONG_109,wrong_region_control,primary,beaufort_sea,kara_sea,mean_sea_level_pressure,era5_msl_buffer,100,event_minus_background_specificity,"-1,0","-10,-7,-5",same source major_severe local events,source_event_id,1000,separately within each source_region across wrong-region × buffer × variable tests,outputs/controls/wrong_region_control_statistical.csv,source=beaufort_sea;wrong=kara_sea;variable=era5_msl_buffer;buffer_km=100
WRONG_110,wrong_region_control,primary,beaufort_sea,kara_sea,zonal_wind_u10,era5_u10_buffer,100,event_minus_background_specificity,"-1,0","-10,-7,-5",same source major_severe local events,source_event_id,1000,separately within each source_region across wrong-region × buffer × variable tests,outputs/controls/wrong_region_control_statistical.csv,source=beaufort_sea;wrong=kara_sea;variable=era5_u10_buffer;buffer_km=100
WRONG_111,wrong_region_control,primary,beaufort_sea,kara_sea,meridional_wind_v10,era5_v10_buffer,100,event_minus_background_specificity,"-1,0","-10,-7,-5",same source major_severe local events,source_event_id,1000,separately within each source_region across wrong-region × buffer × variable tests,outputs/controls/wrong_region_control_statistical.csv,source=beaufort_sea;wrong=kara_sea;variable=era5_v10_buffer;buffer_km=100
WRONG_112,wrong_region_control,primary,beaufort_sea,kara_sea,wind_speed_10m,era5_wspd10_buffer,100,event_minus_background_specificity,"-1,0","-10,-7,-5",same source major_severe local events,source_event_id,1000,separately within each source_region across wrong-region × buffer × variable tests,outputs/controls/wrong_region_control_statistical.csv,source=beaufort_sea;wrong=kara_sea;variable=era5_wspd10_buffer;buffer_km=100
WRONG_113,wrong_region_control,primary,beaufort_sea,kara_sea,sic_change_5d,sic_change_5d_buffer,100,event_minus_background_specificity,"-1,0","-10,-7,-5",same source major_severe local events,source_event_id,1000,separately within each source_region across wrong-region × buffer × variable tests,outputs/controls/wrong_region_control_statistical.csv,source=beaufort_sea;wrong=kara_sea;variable=sic_change_5d_buffer;buffer_km=100
WRONG_114,wrong_region_control,primary,beaufort_sea,kara_sea,sic_state,sic_mean_buffer,100,event_minus_background_specificity,"-1,0","-10,-7,-5",same source major_severe local events,source_event_id,1000,separately within each source_region across wrong-region × buffer × variable tests,outputs/controls/wrong_region_control_statistical.csv,source=beaufort_sea;wrong=kara_sea;variable=sic_mean_buffer;buffer_km=100
WRONG_115,wrong_region_control,primary,beaufort_sea,kara_sea,mean_sea_level_pressure,era5_msl_buffer,300,event_minus_background_specificity,"-1,0","-10,-7,-5",same source major_severe local events,source_event_id,1000,separately within each source_region across wrong-region × buffer × variable tests,outputs/controls/wrong_region_control_statistical.csv,source=beaufort_sea;wrong=kara_sea;variable=era5_msl_buffer;buffer_km=300
WRONG_116,wrong_region_control,primary,beaufort_sea,kara_sea,zonal_wind_u10,era5_u10_buffer,300,event_minus_background_specificity,"-1,0","-10,-7,-5",same source major_severe local events,source_event_id,1000,separately within each source_region across wrong-region × buffer × variable tests,outputs/controls/wrong_region_control_statistical.csv,source=beaufort_sea;wrong=kara_sea;variable=era5_u10_buffer;buffer_km=300
WRONG_117,wrong_region_control,primary,beaufort_sea,kara_sea,meridional_wind_v10,era5_v10_buffer,300,event_minus_background_specificity,"-1,0","-10,-7,-5",same source major_severe local events,source_event_id,1000,separately within each source_region across wrong-region × buffer × variable tests,outputs/controls/wrong_region_control_statistical.csv,source=beaufort_sea;wrong=kara_sea;variable=era5_v10_buffer;buffer_km=300
WRONG_118,wrong_region_control,primary,beaufort_sea,kara_sea,wind_speed_10m,era5_wspd10_buffer,300,event_minus_background_specificity,"-1,0","-10,-7,-5",same source major_severe local events,source_event_id,1000,separately within each source_region across wrong-region × buffer × variable tests,outputs/controls/wrong_region_control_statistical.csv,source=beaufort_sea;wrong=kara_sea;variable=era5_wspd10_buffer;buffer_km=300
WRONG_119,wrong_region_control,primary,beaufort_sea,kara_sea,sic_change_5d,sic_change_5d_buffer,300,event_minus_background_specificity,"-1,0","-10,-7,-5",same source major_severe local events,source_event_id,1000,separately within each source_region across wrong-region × buffer × variable tests,outputs/controls/wrong_region_control_statistical.csv,source=beaufort_sea;wrong=kara_sea;variable=sic_change_5d_buffer;buffer_km=300
WRONG_120,wrong_region_control,primary,beaufort_sea,kara_sea,sic_state,sic_mean_buffer,300,event_minus_background_specificity,"-1,0","-10,-7,-5",same source major_severe local events,source_event_id,1000,separately within each source_region across wrong-region × buffer × variable tests,outputs/controls/wrong_region_control_statistical.csv,source=beaufort_sea;wrong=kara_sea;variable=sic_mean_buffer;buffer_km=300
WRONG_121,wrong_region_control,primary,beaufort_sea,kara_sea,mean_sea_level_pressure,era5_msl_buffer,500,event_minus_background_specificity,"-1,0","-10,-7,-5",same source major_severe local events,source_event_id,1000,separately within each source_region across wrong-region × buffer × variable tests,outputs/controls/wrong_region_control_statistical.csv,source=beaufort_sea;wrong=kara_sea;variable=era5_msl_buffer;buffer_km=500
WRONG_122,wrong_region_control,primary,beaufort_sea,kara_sea,zonal_wind_u10,era5_u10_buffer,500,event_minus_background_specificity,"-1,0","-10,-7,-5",same source major_severe local events,source_event_id,1000,separately within each source_region across wrong-region × buffer × variable tests,outputs/controls/wrong_region_control_statistical.csv,source=beaufort_sea;wrong=kara_sea;variable=era5_u10_buffer;buffer_km=500
WRONG_123,wrong_region_control,primary,beaufort_sea,kara_sea,meridional_wind_v10,era5_v10_buffer,500,event_minus_background_specificity,"-1,0","-10,-7,-5",same source major_severe local events,source_event_id,1000,separately within each source_region across wrong-region × buffer × variable tests,outputs/controls/wrong_region_control_statistical.csv,source=beaufort_sea;wrong=kara_sea;variable=era5_v10_buffer;buffer_km=500
WRONG_124,wrong_region_control,primary,beaufort_sea,kara_sea,wind_speed_10m,era5_wspd10_buffer,500,event_minus_background_specificity,"-1,0","-10,-7,-5",same source major_severe local events,source_event_id,1000,separately within each source_region across wrong-region × buffer × variable tests,outputs/controls/wrong_region_control_statistical.csv,source=beaufort_sea;wrong=kara_sea;variable=era5_wspd10_buffer;buffer_km=500
WRONG_125,wrong_region_control,primary,beaufort_sea,kara_sea,sic_change_5d,sic_change_5d_buffer,500,event_minus_background_specificity,"-1,0","-10,-7,-5",same source major_severe local events,source_event_id,1000,separately within each source_region across wrong-region × buffer × variable tests,outputs/controls/wrong_region_control_statistical.csv,source=beaufort_sea;wrong=kara_sea;variable=sic_change_5d_buffer;buffer_km=500
WRONG_126,wrong_region_control,primary,beaufort_sea,kara_sea,sic_state,sic_mean_buffer,500,event_minus_background_specificity,"-1,0","-10,-7,-5",same source major_severe local events,source_event_id,1000,separately within each source_region across wrong-region × buffer × variable tests,outputs/controls/wrong_region_control_statistical.csv,source=beaufort_sea;wrong=kara_sea;variable=sic_mean_buffer;buffer_km=500
WRONG_127,wrong_region_control,primary,beaufort_sea,laptev_sea,mean_sea_level_pressure,era5_msl_buffer,100,event_minus_background_specificity,"-1,0","-10,-7,-5",same source major_severe local events,source_event_id,1000,separately within each source_region across wrong-region × buffer × variable tests,outputs/controls/wrong_region_control_statistical.csv,source=beaufort_sea;wrong=laptev_sea;variable=era5_msl_buffer;buffer_km=100
WRONG_128,wrong_region_control,primary,beaufort_sea,laptev_sea,zonal_wind_u10,era5_u10_buffer,100,event_minus_background_specificity,"-1,0","-10,-7,-5",same source major_severe local events,source_event_id,1000,separately within each source_region across wrong-region × buffer × variable tests,outputs/controls/wrong_region_control_statistical.csv,source=beaufort_sea;wrong=laptev_sea;variable=era5_u10_buffer;buffer_km=100
WRONG_129,wrong_region_control,primary,beaufort_sea,laptev_sea,meridional_wind_v10,era5_v10_buffer,100,event_minus_background_specificity,"-1,0","-10,-7,-5",same source major_severe local events,source_event_id,1000,separately within each source_region across wrong-region × buffer × variable tests,outputs/controls/wrong_region_control_statistical.csv,source=beaufort_sea;wrong=laptev_sea;variable=era5_v10_buffer;buffer_km=100
WRONG_130,wrong_region_control,primary,beaufort_sea,laptev_sea,wind_speed_10m,era5_wspd10_buffer,100,event_minus_background_specificity,"-1,0","-10,-7,-5",same source major_severe local events,source_event_id,1000,separately within each source_region across wrong-region × buffer × variable tests,outputs/controls/wrong_region_control_statistical.csv,source=beaufort_sea;wrong=laptev_sea;variable=era5_wspd10_buffer;buffer_km=100
WRONG_131,wrong_region_control,primary,beaufort_sea,laptev_sea,sic_change_5d,sic_change_5d_buffer,100,event_minus_background_specificity,"-1,0","-10,-7,-5",same source major_severe local events,source_event_id,1000,separately within each source_region across wrong-region × buffer × variable tests,outputs/controls/wrong_region_control_statistical.csv,source=beaufort_sea;wrong=laptev_sea;variable=sic_change_5d_buffer;buffer_km=100
WRONG_132,wrong_region_control,primary,beaufort_sea,laptev_sea,sic_state,sic_mean_buffer,100,event_minus_background_specificity,"-1,0","-10,-7,-5",same source major_severe local events,source_event_id,1000,separately within each source_region across wrong-region × buffer × variable tests,outputs/controls/wrong_region_control_statistical.csv,source=beaufort_sea;wrong=laptev_sea;variable=sic_mean_buffer;buffer_km=100
WRONG_133,wrong_region_control,primary,beaufort_sea,laptev_sea,mean_sea_level_pressure,era5_msl_buffer,300,event_minus_background_specificity,"-1,0","-10,-7,-5",same source major_severe local events,source_event_id,1000,separately within each source_region across wrong-region × buffer × variable tests,outputs/controls/wrong_region_control_statistical.csv,source=beaufort_sea;wrong=laptev_sea;variable=era5_msl_buffer;buffer_km=300
WRONG_134,wrong_region_control,primary,beaufort_sea,laptev_sea,zonal_wind_u10,era5_u10_buffer,300,event_minus_background_specificity,"-1,0","-10,-7,-5",same source major_severe local events,source_event_id,1000,separately within each source_region across wrong-region × buffer × variable tests,outputs/controls/wrong_region_control_statistical.csv,source=beaufort_sea;wrong=laptev_sea;variable=era5_u10_buffer;buffer_km=300
WRONG_135,wrong_region_control,primary,beaufort_sea,laptev_sea,meridional_wind_v10,era5_v10_buffer,300,event_minus_background_specificity,"-1,0","-10,-7,-5",same source major_severe local events,source_event_id,1000,separately within each source_region across wrong-region × buffer × variable tests,outputs/controls/wrong_region_control_statistical.csv,source=beaufort_sea;wrong=laptev_sea;variable=era5_v10_buffer;buffer_km=300
WRONG_136,wrong_region_control,primary,beaufort_sea,laptev_sea,wind_speed_10m,era5_wspd10_buffer,300,event_minus_background_specificity,"-1,0","-10,-7,-5",same source major_severe local events,source_event_id,1000,separately within each source_region across wrong-region × buffer × variable tests,outputs/controls/wrong_region_control_statistical.csv,source=beaufort_sea;wrong=laptev_sea;variable=era5_wspd10_buffer;buffer_km=300
WRONG_137,wrong_region_control,primary,beaufort_sea,laptev_sea,sic_change_5d,sic_change_5d_buffer,300,event_minus_background_specificity,"-1,0","-10,-7,-5",same source major_severe local events,source_event_id,1000,separately within each source_region across wrong-region × buffer × variable tests,outputs/controls/wrong_region_control_statistical.csv,source=beaufort_sea;wrong=laptev_sea;variable=sic_change_5d_buffer;buffer_km=300
WRONG_138,wrong_region_control,primary,beaufort_sea,laptev_sea,sic_state,sic_mean_buffer,300,event_minus_background_specificity,"-1,0","-10,-7,-5",same source major_severe local events,source_event_id,1000,separately within each source_region across wrong-region × buffer × variable tests,outputs/controls/wrong_region_control_statistical.csv,source=beaufort_sea;wrong=laptev_sea;variable=sic_mean_buffer;buffer_km=300
WRONG_139,wrong_region_control,primary,beaufort_sea,laptev_sea,mean_sea_level_pressure,era5_msl_buffer,500,event_minus_background_specificity,"-1,0","-10,-7,-5",same source major_severe local events,source_event_id,1000,separately within each source_region across wrong-region × buffer × variable tests,outputs/controls/wrong_region_control_statistical.csv,source=beaufort_sea;wrong=laptev_sea;variable=era5_msl_buffer;buffer_km=500
WRONG_140,wrong_region_control,primary,beaufort_sea,laptev_sea,zonal_wind_u10,era5_u10_buffer,500,event_minus_background_specificity,"-1,0","-10,-7,-5",same source major_severe local events,source_event_id,1000,separately within each source_region across wrong-region × buffer × variable tests,outputs/controls/wrong_region_control_statistical.csv,source=beaufort_sea;wrong=laptev_sea;variable=era5_u10_buffer;buffer_km=500
WRONG_141,wrong_region_control,primary,beaufort_sea,laptev_sea,meridional_wind_v10,era5_v10_buffer,500,event_minus_background_specificity,"-1,0","-10,-7,-5",same source major_severe local events,source_event_id,1000,separately within each source_region across wrong-region × buffer × variable tests,outputs/controls/wrong_region_control_statistical.csv,source=beaufort_sea;wrong=laptev_sea;variable=era5_v10_buffer;buffer_km=500
WRONG_142,wrong_region_control,primary,beaufort_sea,laptev_sea,wind_speed_10m,era5_wspd10_buffer,500,event_minus_background_specificity,"-1,0","-10,-7,-5",same source major_severe local events,source_event_id,1000,separately within each source_region across wrong-region × buffer × variable tests,outputs/controls/wrong_region_control_statistical.csv,source=beaufort_sea;wrong=laptev_sea;variable=era5_wspd10_buffer;buffer_km=500
WRONG_143,wrong_region_control,primary,beaufort_sea,laptev_sea,sic_change_5d,sic_change_5d_buffer,500,event_minus_background_specificity,"-1,0","-10,-7,-5",same source major_severe local events,source_event_id,1000,separately within each source_region across wrong-region × buffer × variable tests,outputs/controls/wrong_region_control_statistical.csv,source=beaufort_sea;wrong=laptev_sea;variable=sic_change_5d_buffer;buffer_km=500
WRONG_144,wrong_region_control,primary,beaufort_sea,laptev_sea,sic_state,sic_mean_buffer,500,event_minus_background_specificity,"-1,0","-10,-7,-5",same source major_severe local events,source_event_id,1000,separately within each source_region across wrong-region × buffer × variable tests,outputs/controls/wrong_region_control_statistical.csv,source=beaufort_sea;wrong=laptev_sea;variable=sic_mean_buffer;buffer_km=500
WRONG_145,wrong_region_control,primary,central_arctic,barents_sea,mean_sea_level_pressure,era5_msl_buffer,100,event_minus_background_specificity,"-1,0","-10,-7,-5",same source major_severe local events,source_event_id,1000,separately within each source_region across wrong-region × buffer × variable tests,outputs/controls/wrong_region_control_statistical.csv,source=central_arctic;wrong=barents_sea;variable=era5_msl_buffer;buffer_km=100
WRONG_146,wrong_region_control,primary,central_arctic,barents_sea,zonal_wind_u10,era5_u10_buffer,100,event_minus_background_specificity,"-1,0","-10,-7,-5",same source major_severe local events,source_event_id,1000,separately within each source_region across wrong-region × buffer × variable tests,outputs/controls/wrong_region_control_statistical.csv,source=central_arctic;wrong=barents_sea;variable=era5_u10_buffer;buffer_km=100
WRONG_147,wrong_region_control,primary,central_arctic,barents_sea,meridional_wind_v10,era5_v10_buffer,100,event_minus_background_specificity,"-1,0","-10,-7,-5",same source major_severe local events,source_event_id,1000,separately within each source_region across wrong-region × buffer × variable tests,outputs/controls/wrong_region_control_statistical.csv,source=central_arctic;wrong=barents_sea;variable=era5_v10_buffer;buffer_km=100
WRONG_148,wrong_region_control,primary,central_arctic,barents_sea,wind_speed_10m,era5_wspd10_buffer,100,event_minus_background_specificity,"-1,0","-10,-7,-5",same source major_severe local events,source_event_id,1000,separately within each source_region across wrong-region × buffer × variable tests,outputs/controls/wrong_region_control_statistical.csv,source=central_arctic;wrong=barents_sea;variable=era5_wspd10_buffer;buffer_km=100
WRONG_149,wrong_region_control,primary,central_arctic,barents_sea,sic_change_5d,sic_change_5d_buffer,100,event_minus_background_specificity,"-1,0","-10,-7,-5",same source major_severe local events,source_event_id,1000,separately within each source_region across wrong-region × buffer × variable tests,outputs/controls/wrong_region_control_statistical.csv,source=central_arctic;wrong=barents_sea;variable=sic_change_5d_buffer;buffer_km=100
WRONG_150,wrong_region_control,primary,central_arctic,barents_sea,sic_state,sic_mean_buffer,100,event_minus_background_specificity,"-1,0","-10,-7,-5",same source major_severe local events,source_event_id,1000,separately within each source_region across wrong-region × buffer × variable tests,outputs/controls/wrong_region_control_statistical.csv,source=central_arctic;wrong=barents_sea;variable=sic_mean_buffer;buffer_km=100
WRONG_151,wrong_region_control,primary,central_arctic,barents_sea,mean_sea_level_pressure,era5_msl_buffer,300,event_minus_background_specificity,"-1,0","-10,-7,-5",same source major_severe local events,source_event_id,1000,separately within each source_region across wrong-region × buffer × variable tests,outputs/controls/wrong_region_control_statistical.csv,source=central_arctic;wrong=barents_sea;variable=era5_msl_buffer;buffer_km=300
WRONG_152,wrong_region_control,primary,central_arctic,barents_sea,zonal_wind_u10,era5_u10_buffer,300,event_minus_background_specificity,"-1,0","-10,-7,-5",same source major_severe local events,source_event_id,1000,separately within each source_region across wrong-region × buffer × variable tests,outputs/controls/wrong_region_control_statistical.csv,source=central_arctic;wrong=barents_sea;variable=era5_u10_buffer;buffer_km=300
WRONG_153,wrong_region_control,primary,central_arctic,barents_sea,meridional_wind_v10,era5_v10_buffer,300,event_minus_background_specificity,"-1,0","-10,-7,-5",same source major_severe local events,source_event_id,1000,separately within each source_region across wrong-region × buffer × variable tests,outputs/controls/wrong_region_control_statistical.csv,source=central_arctic;wrong=barents_sea;variable=era5_v10_buffer;buffer_km=300
WRONG_154,wrong_region_control,primary,central_arctic,barents_sea,wind_speed_10m,era5_wspd10_buffer,300,event_minus_background_specificity,"-1,0","-10,-7,-5",same source major_severe local events,source_event_id,1000,separately within each source_region across wrong-region × buffer × variable tests,outputs/controls/wrong_region_control_statistical.csv,source=central_arctic;wrong=barents_sea;variable=era5_wspd10_buffer;buffer_km=300
WRONG_155,wrong_region_control,primary,central_arctic,barents_sea,sic_change_5d,sic_change_5d_buffer,300,event_minus_background_specificity,"-1,0","-10,-7,-5",same source major_severe local events,source_event_id,1000,separately within each source_region across wrong-region × buffer × variable tests,outputs/controls/wrong_region_control_statistical.csv,source=central_arctic;wrong=barents_sea;variable=sic_change_5d_buffer;buffer_km=300
WRONG_156,wrong_region_control,primary,central_arctic,barents_sea,sic_state,sic_mean_buffer,300,event_minus_background_specificity,"-1,0","-10,-7,-5",same source major_severe local events,source_event_id,1000,separately within each source_region across wrong-region × buffer × variable tests,outputs/controls/wrong_region_control_statistical.csv,source=central_arctic;wrong=barents_sea;variable=sic_mean_buffer;buffer_km=300
WRONG_157,wrong_region_control,primary,central_arctic,barents_sea,mean_sea_level_pressure,era5_msl_buffer,500,event_minus_background_specificity,"-1,0","-10,-7,-5",same source major_severe local events,source_event_id,1000,separately within each source_region across wrong-region × buffer × variable tests,outputs/controls/wrong_region_control_statistical.csv,source=central_arctic;wrong=barents_sea;variable=era5_msl_buffer;buffer_km=500
WRONG_158,wrong_region_control,primary,central_arctic,barents_sea,zonal_wind_u10,era5_u10_buffer,500,event_minus_background_specificity,"-1,0","-10,-7,-5",same source major_severe local events,source_event_id,1000,separately within each source_region across wrong-region × buffer × variable tests,outputs/controls/wrong_region_control_statistical.csv,source=central_arctic;wrong=barents_sea;variable=era5_u10_buffer;buffer_km=500
WRONG_159,wrong_region_control,primary,central_arctic,barents_sea,meridional_wind_v10,era5_v10_buffer,500,event_minus_background_specificity,"-1,0","-10,-7,-5",same source major_severe local events,source_event_id,1000,separately within each source_region across wrong-region × buffer × variable tests,outputs/controls/wrong_region_control_statistical.csv,source=central_arctic;wrong=barents_sea;variable=era5_v10_buffer;buffer_km=500
WRONG_160,wrong_region_control,primary,central_arctic,barents_sea,wind_speed_10m,era5_wspd10_buffer,500,event_minus_background_specificity,"-1,0","-10,-7,-5",same source major_severe local events,source_event_id,1000,separately within each source_region across wrong-region × buffer × variable tests,outputs/controls/wrong_region_control_statistical.csv,source=central_arctic;wrong=barents_sea;variable=era5_wspd10_buffer;buffer_km=500
WRONG_161,wrong_region_control,primary,central_arctic,barents_sea,sic_change_5d,sic_change_5d_buffer,500,event_minus_background_specificity,"-1,0","-10,-7,-5",same source major_severe local events,source_event_id,1000,separately within each source_region across wrong-region × buffer × variable tests,outputs/controls/wrong_region_control_statistical.csv,source=central_arctic;wrong=barents_sea;variable=sic_change_5d_buffer;buffer_km=500
WRONG_162,wrong_region_control,primary,central_arctic,barents_sea,sic_state,sic_mean_buffer,500,event_minus_background_specificity,"-1,0","-10,-7,-5",same source major_severe local events,source_event_id,1000,separately within each source_region across wrong-region × buffer × variable tests,outputs/controls/wrong_region_control_statistical.csv,source=central_arctic;wrong=barents_sea;variable=sic_mean_buffer;buffer_km=500
WRONG_163,wrong_region_control,primary,central_arctic,beaufort_sea,mean_sea_level_pressure,era5_msl_buffer,100,event_minus_background_specificity,"-1,0","-10,-7,-5",same source major_severe local events,source_event_id,1000,separately within each source_region across wrong-region × buffer × variable tests,outputs/controls/wrong_region_control_statistical.csv,source=central_arctic;wrong=beaufort_sea;variable=era5_msl_buffer;buffer_km=100
WRONG_164,wrong_region_control,primary,central_arctic,beaufort_sea,zonal_wind_u10,era5_u10_buffer,100,event_minus_background_specificity,"-1,0","-10,-7,-5",same source major_severe local events,source_event_id,1000,separately within each source_region across wrong-region × buffer × variable tests,outputs/controls/wrong_region_control_statistical.csv,source=central_arctic;wrong=beaufort_sea;variable=era5_u10_buffer;buffer_km=100
WRONG_165,wrong_region_control,primary,central_arctic,beaufort_sea,meridional_wind_v10,era5_v10_buffer,100,event_minus_background_specificity,"-1,0","-10,-7,-5",same source major_severe local events,source_event_id,1000,separately within each source_region across wrong-region × buffer × variable tests,outputs/controls/wrong_region_control_statistical.csv,source=central_arctic;wrong=beaufort_sea;variable=era5_v10_buffer;buffer_km=100
WRONG_166,wrong_region_control,primary,central_arctic,beaufort_sea,wind_speed_10m,era5_wspd10_buffer,100,event_minus_background_specificity,"-1,0","-10,-7,-5",same source major_severe local events,source_event_id,1000,separately within each source_region across wrong-region × buffer × variable tests,outputs/controls/wrong_region_control_statistical.csv,source=central_arctic;wrong=beaufort_sea;variable=era5_wspd10_buffer;buffer_km=100
WRONG_167,wrong_region_control,primary,central_arctic,beaufort_sea,sic_change_5d,sic_change_5d_buffer,100,event_minus_background_specificity,"-1,0","-10,-7,-5",same source major_severe local events,source_event_id,1000,separately within each source_region across wrong-region × buffer × variable tests,outputs/controls/wrong_region_control_statistical.csv,source=central_arctic;wrong=beaufort_sea;variable=sic_change_5d_buffer;buffer_km=100
WRONG_168,wrong_region_control,primary,central_arctic,beaufort_sea,sic_state,sic_mean_buffer,100,event_minus_background_specificity,"-1,0","-10,-7,-5",same source major_severe local events,source_event_id,1000,separately within each source_region across wrong-region × buffer × variable tests,outputs/controls/wrong_region_control_statistical.csv,source=central_arctic;wrong=beaufort_sea;variable=sic_mean_buffer;buffer_km=100
WRONG_169,wrong_region_control,primary,central_arctic,beaufort_sea,mean_sea_level_pressure,era5_msl_buffer,300,event_minus_background_specificity,"-1,0","-10,-7,-5",same source major_severe local events,source_event_id,1000,separately within each source_region across wrong-region × buffer × variable tests,outputs/controls/wrong_region_control_statistical.csv,source=central_arctic;wrong=beaufort_sea;variable=era5_msl_buffer;buffer_km=300
WRONG_170,wrong_region_control,primary,central_arctic,beaufort_sea,zonal_wind_u10,era5_u10_buffer,300,event_minus_background_specificity,"-1,0","-10,-7,-5",same source major_severe local events,source_event_id,1000,separately within each source_region across wrong-region × buffer × variable tests,outputs/controls/wrong_region_control_statistical.csv,source=central_arctic;wrong=beaufort_sea;variable=era5_u10_buffer;buffer_km=300
WRONG_171,wrong_region_control,primary,central_arctic,beaufort_sea,meridional_wind_v10,era5_v10_buffer,300,event_minus_background_specificity,"-1,0","-10,-7,-5",same source major_severe local events,source_event_id,1000,separately within each source_region across wrong-region × buffer × variable tests,outputs/controls/wrong_region_control_statistical.csv,source=central_arctic;wrong=beaufort_sea;variable=era5_v10_buffer;buffer_km=300
WRONG_172,wrong_region_control,primary,central_arctic,beaufort_sea,wind_speed_10m,era5_wspd10_buffer,300,event_minus_background_specificity,"-1,0","-10,-7,-5",same source major_severe local events,source_event_id,1000,separately within each source_region across wrong-region × buffer × variable tests,outputs/controls/wrong_region_control_statistical.csv,source=central_arctic;wrong=beaufort_sea;variable=era5_wspd10_buffer;buffer_km=300
WRONG_173,wrong_region_control,primary,central_arctic,beaufort_sea,sic_change_5d,sic_change_5d_buffer,300,event_minus_background_specificity,"-1,0","-10,-7,-5",same source major_severe local events,source_event_id,1000,separately within each source_region across wrong-region × buffer × variable tests,outputs/controls/wrong_region_control_statistical.csv,source=central_arctic;wrong=beaufort_sea;variable=sic_change_5d_buffer;buffer_km=300
WRONG_174,wrong_region_control,primary,central_arctic,beaufort_sea,sic_state,sic_mean_buffer,300,event_minus_background_specificity,"-1,0","-10,-7,-5",same source major_severe local events,source_event_id,1000,separately within each source_region across wrong-region × buffer × variable tests,outputs/controls/wrong_region_control_statistical.csv,source=central_arctic;wrong=beaufort_sea;variable=sic_mean_buffer;buffer_km=300
WRONG_175,wrong_region_control,primary,central_arctic,beaufort_sea,mean_sea_level_pressure,era5_msl_buffer,500,event_minus_background_specificity,"-1,0","-10,-7,-5",same source major_severe local events,source_event_id,1000,separately within each source_region across wrong-region × buffer × variable tests,outputs/controls/wrong_region_control_statistical.csv,source=central_arctic;wrong=beaufort_sea;variable=era5_msl_buffer;buffer_km=500
WRONG_176,wrong_region_control,primary,central_arctic,beaufort_sea,zonal_wind_u10,era5_u10_buffer,500,event_minus_background_specificity,"-1,0","-10,-7,-5",same source major_severe local events,source_event_id,1000,separately within each source_region across wrong-region × buffer × variable tests,outputs/controls/wrong_region_control_statistical.csv,source=central_arctic;wrong=beaufort_sea;variable=era5_u10_buffer;buffer_km=500
WRONG_177,wrong_region_control,primary,central_arctic,beaufort_sea,meridional_wind_v10,era5_v10_buffer,500,event_minus_background_specificity,"-1,0","-10,-7,-5",same source major_severe local events,source_event_id,1000,separately within each source_region across wrong-region × buffer × variable tests,outputs/controls/wrong_region_control_statistical.csv,source=central_arctic;wrong=beaufort_sea;variable=era5_v10_buffer;buffer_km=500
WRONG_178,wrong_region_control,primary,central_arctic,beaufort_sea,wind_speed_10m,era5_wspd10_buffer,500,event_minus_background_specificity,"-1,0","-10,-7,-5",same source major_severe local events,source_event_id,1000,separately within each source_region across wrong-region × buffer × variable tests,outputs/controls/wrong_region_control_statistical.csv,source=central_arctic;wrong=beaufort_sea;variable=era5_wspd10_buffer;buffer_km=500
WRONG_179,wrong_region_control,primary,central_arctic,beaufort_sea,sic_change_5d,sic_change_5d_buffer,500,event_minus_background_specificity,"-1,0","-10,-7,-5",same source major_severe local events,source_event_id,1000,separately within each source_region across wrong-region × buffer × variable tests,outputs/controls/wrong_region_control_statistical.csv,source=central_arctic;wrong=beaufort_sea;variable=sic_change_5d_buffer;buffer_km=500
WRONG_180,wrong_region_control,primary,central_arctic,beaufort_sea,sic_state,sic_mean_buffer,500,event_minus_background_specificity,"-1,0","-10,-7,-5",same source major_severe local events,source_event_id,1000,separately within each source_region across wrong-region × buffer × variable tests,outputs/controls/wrong_region_control_statistical.csv,source=central_arctic;wrong=beaufort_sea;variable=sic_mean_buffer;buffer_km=500
WRONG_181,wrong_region_control,primary,central_arctic,kara_sea,mean_sea_level_pressure,era5_msl_buffer,100,event_minus_background_specificity,"-1,0","-10,-7,-5",same source major_severe local events,source_event_id,1000,separately within each source_region across wrong-region × buffer × variable tests,outputs/controls/wrong_region_control_statistical.csv,source=central_arctic;wrong=kara_sea;variable=era5_msl_buffer;buffer_km=100
WRONG_182,wrong_region_control,primary,central_arctic,kara_sea,zonal_wind_u10,era5_u10_buffer,100,event_minus_background_specificity,"-1,0","-10,-7,-5",same source major_severe local events,source_event_id,1000,separately within each source_region across wrong-region × buffer × variable tests,outputs/controls/wrong_region_control_statistical.csv,source=central_arctic;wrong=kara_sea;variable=era5_u10_buffer;buffer_km=100
WRONG_183,wrong_region_control,primary,central_arctic,kara_sea,meridional_wind_v10,era5_v10_buffer,100,event_minus_background_specificity,"-1,0","-10,-7,-5",same source major_severe local events,source_event_id,1000,separately within each source_region across wrong-region × buffer × variable tests,outputs/controls/wrong_region_control_statistical.csv,source=central_arctic;wrong=kara_sea;variable=era5_v10_buffer;buffer_km=100
WRONG_184,wrong_region_control,primary,central_arctic,kara_sea,wind_speed_10m,era5_wspd10_buffer,100,event_minus_background_specificity,"-1,0","-10,-7,-5",same source major_severe local events,source_event_id,1000,separately within each source_region across wrong-region × buffer × variable tests,outputs/controls/wrong_region_control_statistical.csv,source=central_arctic;wrong=kara_sea;variable=era5_wspd10_buffer;buffer_km=100
WRONG_185,wrong_region_control,primary,central_arctic,kara_sea,sic_change_5d,sic_change_5d_buffer,100,event_minus_background_specificity,"-1,0","-10,-7,-5",same source major_severe local events,source_event_id,1000,separately within each source_region across wrong-region × buffer × variable tests,outputs/controls/wrong_region_control_statistical.csv,source=central_arctic;wrong=kara_sea;variable=sic_change_5d_buffer;buffer_km=100
WRONG_186,wrong_region_control,primary,central_arctic,kara_sea,sic_state,sic_mean_buffer,100,event_minus_background_specificity,"-1,0","-10,-7,-5",same source major_severe local events,source_event_id,1000,separately within each source_region across wrong-region × buffer × variable tests,outputs/controls/wrong_region_control_statistical.csv,source=central_arctic;wrong=kara_sea;variable=sic_mean_buffer;buffer_km=100
WRONG_187,wrong_region_control,primary,central_arctic,kara_sea,mean_sea_level_pressure,era5_msl_buffer,300,event_minus_background_specificity,"-1,0","-10,-7,-5",same source major_severe local events,source_event_id,1000,separately within each source_region across wrong-region × buffer × variable tests,outputs/controls/wrong_region_control_statistical.csv,source=central_arctic;wrong=kara_sea;variable=era5_msl_buffer;buffer_km=300
WRONG_188,wrong_region_control,primary,central_arctic,kara_sea,zonal_wind_u10,era5_u10_buffer,300,event_minus_background_specificity,"-1,0","-10,-7,-5",same source major_severe local events,source_event_id,1000,separately within each source_region across wrong-region × buffer × variable tests,outputs/controls/wrong_region_control_statistical.csv,source=central_arctic;wrong=kara_sea;variable=era5_u10_buffer;buffer_km=300
WRONG_189,wrong_region_control,primary,central_arctic,kara_sea,meridional_wind_v10,era5_v10_buffer,300,event_minus_background_specificity,"-1,0","-10,-7,-5",same source major_severe local events,source_event_id,1000,separately within each source_region across wrong-region × buffer × variable tests,outputs/controls/wrong_region_control_statistical.csv,source=central_arctic;wrong=kara_sea;variable=era5_v10_buffer;buffer_km=300
WRONG_190,wrong_region_control,primary,central_arctic,kara_sea,wind_speed_10m,era5_wspd10_buffer,300,event_minus_background_specificity,"-1,0","-10,-7,-5",same source major_severe local events,source_event_id,1000,separately within each source_region across wrong-region × buffer × variable tests,outputs/controls/wrong_region_control_statistical.csv,source=central_arctic;wrong=kara_sea;variable=era5_wspd10_buffer;buffer_km=300
WRONG_191,wrong_region_control,primary,central_arctic,kara_sea,sic_change_5d,sic_change_5d_buffer,300,event_minus_background_specificity,"-1,0","-10,-7,-5",same source major_severe local events,source_event_id,1000,separately within each source_region across wrong-region × buffer × variable tests,outputs/controls/wrong_region_control_statistical.csv,source=central_arctic;wrong=kara_sea;variable=sic_change_5d_buffer;buffer_km=300
WRONG_192,wrong_region_control,primary,central_arctic,kara_sea,sic_state,sic_mean_buffer,300,event_minus_background_specificity,"-1,0","-10,-7,-5",same source major_severe local events,source_event_id,1000,separately within each source_region across wrong-region × buffer × variable tests,outputs/controls/wrong_region_control_statistical.csv,source=central_arctic;wrong=kara_sea;variable=sic_mean_buffer;buffer_km=300
WRONG_193,wrong_region_control,primary,central_arctic,kara_sea,mean_sea_level_pressure,era5_msl_buffer,500,event_minus_background_specificity,"-1,0","-10,-7,-5",same source major_severe local events,source_event_id,1000,separately within each source_region across wrong-region × buffer × variable tests,outputs/controls/wrong_region_control_statistical.csv,source=central_arctic;wrong=kara_sea;variable=era5_msl_buffer;buffer_km=500
WRONG_194,wrong_region_control,primary,central_arctic,kara_sea,zonal_wind_u10,era5_u10_buffer,500,event_minus_background_specificity,"-1,0","-10,-7,-5",same source major_severe local events,source_event_id,1000,separately within each source_region across wrong-region × buffer × variable tests,outputs/controls/wrong_region_control_statistical.csv,source=central_arctic;wrong=kara_sea;variable=era5_u10_buffer;buffer_km=500
WRONG_195,wrong_region_control,primary,central_arctic,kara_sea,meridional_wind_v10,era5_v10_buffer,500,event_minus_background_specificity,"-1,0","-10,-7,-5",same source major_severe local events,source_event_id,1000,separately within each source_region across wrong-region × buffer × variable tests,outputs/controls/wrong_region_control_statistical.csv,source=central_arctic;wrong=kara_sea;variable=era5_v10_buffer;buffer_km=500
WRONG_196,wrong_region_control,primary,central_arctic,kara_sea,wind_speed_10m,era5_wspd10_buffer,500,event_minus_background_specificity,"-1,0","-10,-7,-5",same source major_severe local events,source_event_id,1000,separately within each source_region across wrong-region × buffer × variable tests,outputs/controls/wrong_region_control_statistical.csv,source=central_arctic;wrong=kara_sea;variable=era5_wspd10_buffer;buffer_km=500
WRONG_197,wrong_region_control,primary,central_arctic,kara_sea,sic_change_5d,sic_change_5d_buffer,500,event_minus_background_specificity,"-1,0","-10,-7,-5",same source major_severe local events,source_event_id,1000,separately within each source_region across wrong-region × buffer × variable tests,outputs/controls/wrong_region_control_statistical.csv,source=central_arctic;wrong=kara_sea;variable=sic_change_5d_buffer;buffer_km=500
WRONG_198,wrong_region_control,primary,central_arctic,kara_sea,sic_state,sic_mean_buffer,500,event_minus_background_specificity,"-1,0","-10,-7,-5",same source major_severe local events,source_event_id,1000,separately within each source_region across wrong-region × buffer × variable tests,outputs/controls/wrong_region_control_statistical.csv,source=central_arctic;wrong=kara_sea;variable=sic_mean_buffer;buffer_km=500
WRONG_199,wrong_region_control,primary,central_arctic,laptev_sea,mean_sea_level_pressure,era5_msl_buffer,100,event_minus_background_specificity,"-1,0","-10,-7,-5",same source major_severe local events,source_event_id,1000,separately within each source_region across wrong-region × buffer × variable tests,outputs/controls/wrong_region_control_statistical.csv,source=central_arctic;wrong=laptev_sea;variable=era5_msl_buffer;buffer_km=100
WRONG_200,wrong_region_control,primary,central_arctic,laptev_sea,zonal_wind_u10,era5_u10_buffer,100,event_minus_background_specificity,"-1,0","-10,-7,-5",same source major_severe local events,source_event_id,1000,separately within each source_region across wrong-region × buffer × variable tests,outputs/controls/wrong_region_control_statistical.csv,source=central_arctic;wrong=laptev_sea;variable=era5_u10_buffer;buffer_km=100
WRONG_201,wrong_region_control,primary,central_arctic,laptev_sea,meridional_wind_v10,era5_v10_buffer,100,event_minus_background_specificity,"-1,0","-10,-7,-5",same source major_severe local events,source_event_id,1000,separately within each source_region across wrong-region × buffer × variable tests,outputs/controls/wrong_region_control_statistical.csv,source=central_arctic;wrong=laptev_sea;variable=era5_v10_buffer;buffer_km=100
WRONG_202,wrong_region_control,primary,central_arctic,laptev_sea,wind_speed_10m,era5_wspd10_buffer,100,event_minus_background_specificity,"-1,0","-10,-7,-5",same source major_severe local events,source_event_id,1000,separately within each source_region across wrong-region × buffer × variable tests,outputs/controls/wrong_region_control_statistical.csv,source=central_arctic;wrong=laptev_sea;variable=era5_wspd10_buffer;buffer_km=100
WRONG_203,wrong_region_control,primary,central_arctic,laptev_sea,sic_change_5d,sic_change_5d_buffer,100,event_minus_background_specificity,"-1,0","-10,-7,-5",same source major_severe local events,source_event_id,1000,separately within each source_region across wrong-region × buffer × variable tests,outputs/controls/wrong_region_control_statistical.csv,source=central_arctic;wrong=laptev_sea;variable=sic_change_5d_buffer;buffer_km=100
WRONG_204,wrong_region_control,primary,central_arctic,laptev_sea,sic_state,sic_mean_buffer,100,event_minus_background_specificity,"-1,0","-10,-7,-5",same source major_severe local events,source_event_id,1000,separately within each source_region across wrong-region × buffer × variable tests,outputs/controls/wrong_region_control_statistical.csv,source=central_arctic;wrong=laptev_sea;variable=sic_mean_buffer;buffer_km=100
WRONG_205,wrong_region_control,primary,central_arctic,laptev_sea,mean_sea_level_pressure,era5_msl_buffer,300,event_minus_background_specificity,"-1,0","-10,-7,-5",same source major_severe local events,source_event_id,1000,separately within each source_region across wrong-region × buffer × variable tests,outputs/controls/wrong_region_control_statistical.csv,source=central_arctic;wrong=laptev_sea;variable=era5_msl_buffer;buffer_km=300
WRONG_206,wrong_region_control,primary,central_arctic,laptev_sea,zonal_wind_u10,era5_u10_buffer,300,event_minus_background_specificity,"-1,0","-10,-7,-5",same source major_severe local events,source_event_id,1000,separately within each source_region across wrong-region × buffer × variable tests,outputs/controls/wrong_region_control_statistical.csv,source=central_arctic;wrong=laptev_sea;variable=era5_u10_buffer;buffer_km=300
WRONG_207,wrong_region_control,primary,central_arctic,laptev_sea,meridional_wind_v10,era5_v10_buffer,300,event_minus_background_specificity,"-1,0","-10,-7,-5",same source major_severe local events,source_event_id,1000,separately within each source_region across wrong-region × buffer × variable tests,outputs/controls/wrong_region_control_statistical.csv,source=central_arctic;wrong=laptev_sea;variable=era5_v10_buffer;buffer_km=300
WRONG_208,wrong_region_control,primary,central_arctic,laptev_sea,wind_speed_10m,era5_wspd10_buffer,300,event_minus_background_specificity,"-1,0","-10,-7,-5",same source major_severe local events,source_event_id,1000,separately within each source_region across wrong-region × buffer × variable tests,outputs/controls/wrong_region_control_statistical.csv,source=central_arctic;wrong=laptev_sea;variable=era5_wspd10_buffer;buffer_km=300
WRONG_209,wrong_region_control,primary,central_arctic,laptev_sea,sic_change_5d,sic_change_5d_buffer,300,event_minus_background_specificity,"-1,0","-10,-7,-5",same source major_severe local events,source_event_id,1000,separately within each source_region across wrong-region × buffer × variable tests,outputs/controls/wrong_region_control_statistical.csv,source=central_arctic;wrong=laptev_sea;variable=sic_change_5d_buffer;buffer_km=300
WRONG_210,wrong_region_control,primary,central_arctic,laptev_sea,sic_state,sic_mean_buffer,300,event_minus_background_specificity,"-1,0","-10,-7,-5",same source major_severe local events,source_event_id,1000,separately within each source_region across wrong-region × buffer × variable tests,outputs/controls/wrong_region_control_statistical.csv,source=central_arctic;wrong=laptev_sea;variable=sic_mean_buffer;buffer_km=300
WRONG_211,wrong_region_control,primary,central_arctic,laptev_sea,mean_sea_level_pressure,era5_msl_buffer,500,event_minus_background_specificity,"-1,0","-10,-7,-5",same source major_severe local events,source_event_id,1000,separately within each source_region across wrong-region × buffer × variable tests,outputs/controls/wrong_region_control_statistical.csv,source=central_arctic;wrong=laptev_sea;variable=era5_msl_buffer;buffer_km=500
WRONG_212,wrong_region_control,primary,central_arctic,laptev_sea,zonal_wind_u10,era5_u10_buffer,500,event_minus_background_specificity,"-1,0","-10,-7,-5",same source major_severe local events,source_event_id,1000,separately within each source_region across wrong-region × buffer × variable tests,outputs/controls/wrong_region_control_statistical.csv,source=central_arctic;wrong=laptev_sea;variable=era5_u10_buffer;buffer_km=500
WRONG_213,wrong_region_control,primary,central_arctic,laptev_sea,meridional_wind_v10,era5_v10_buffer,500,event_minus_background_specificity,"-1,0","-10,-7,-5",same source major_severe local events,source_event_id,1000,separately within each source_region across wrong-region × buffer × variable tests,outputs/controls/wrong_region_control_statistical.csv,source=central_arctic;wrong=laptev_sea;variable=era5_v10_buffer;buffer_km=500
WRONG_214,wrong_region_control,primary,central_arctic,laptev_sea,wind_speed_10m,era5_wspd10_buffer,500,event_minus_background_specificity,"-1,0","-10,-7,-5",same source major_severe local events,source_event_id,1000,separately within each source_region across wrong-region × buffer × variable tests,outputs/controls/wrong_region_control_statistical.csv,source=central_arctic;wrong=laptev_sea;variable=era5_wspd10_buffer;buffer_km=500
WRONG_215,wrong_region_control,primary,central_arctic,laptev_sea,sic_change_5d,sic_change_5d_buffer,500,event_minus_background_specificity,"-1,0","-10,-7,-5",same source major_severe local events,source_event_id,1000,separately within each source_region across wrong-region × buffer × variable tests,outputs/controls/wrong_region_control_statistical.csv,source=central_arctic;wrong=laptev_sea;variable=sic_change_5d_buffer;buffer_km=500
WRONG_216,wrong_region_control,primary,central_arctic,laptev_sea,sic_state,sic_mean_buffer,500,event_minus_background_specificity,"-1,0","-10,-7,-5",same source major_severe local events,source_event_id,1000,separately within each source_region across wrong-region × buffer × variable tests,outputs/controls/wrong_region_control_statistical.csv,source=central_arctic;wrong=laptev_sea;variable=sic_mean_buffer;buffer_km=500
WRONG_217,wrong_region_control,primary,kara_sea,barents_sea,mean_sea_level_pressure,era5_msl_buffer,100,event_minus_background_specificity,"-1,0","-10,-7,-5",same source major_severe local events,source_event_id,1000,separately within each source_region across wrong-region × buffer × variable tests,outputs/controls/wrong_region_control_statistical.csv,source=kara_sea;wrong=barents_sea;variable=era5_msl_buffer;buffer_km=100
WRONG_218,wrong_region_control,primary,kara_sea,barents_sea,zonal_wind_u10,era5_u10_buffer,100,event_minus_background_specificity,"-1,0","-10,-7,-5",same source major_severe local events,source_event_id,1000,separately within each source_region across wrong-region × buffer × variable tests,outputs/controls/wrong_region_control_statistical.csv,source=kara_sea;wrong=barents_sea;variable=era5_u10_buffer;buffer_km=100
WRONG_219,wrong_region_control,primary,kara_sea,barents_sea,meridional_wind_v10,era5_v10_buffer,100,event_minus_background_specificity,"-1,0","-10,-7,-5",same source major_severe local events,source_event_id,1000,separately within each source_region across wrong-region × buffer × variable tests,outputs/controls/wrong_region_control_statistical.csv,source=kara_sea;wrong=barents_sea;variable=era5_v10_buffer;buffer_km=100
WRONG_220,wrong_region_control,primary,kara_sea,barents_sea,wind_speed_10m,era5_wspd10_buffer,100,event_minus_background_specificity,"-1,0","-10,-7,-5",same source major_severe local events,source_event_id,1000,separately within each source_region across wrong-region × buffer × variable tests,outputs/controls/wrong_region_control_statistical.csv,source=kara_sea;wrong=barents_sea;variable=era5_wspd10_buffer;buffer_km=100
WRONG_221,wrong_region_control,primary,kara_sea,barents_sea,sic_change_5d,sic_change_5d_buffer,100,event_minus_background_specificity,"-1,0","-10,-7,-5",same source major_severe local events,source_event_id,1000,separately within each source_region across wrong-region × buffer × variable tests,outputs/controls/wrong_region_control_statistical.csv,source=kara_sea;wrong=barents_sea;variable=sic_change_5d_buffer;buffer_km=100
WRONG_222,wrong_region_control,primary,kara_sea,barents_sea,sic_state,sic_mean_buffer,100,event_minus_background_specificity,"-1,0","-10,-7,-5",same source major_severe local events,source_event_id,1000,separately within each source_region across wrong-region × buffer × variable tests,outputs/controls/wrong_region_control_statistical.csv,source=kara_sea;wrong=barents_sea;variable=sic_mean_buffer;buffer_km=100
WRONG_223,wrong_region_control,primary,kara_sea,barents_sea,mean_sea_level_pressure,era5_msl_buffer,300,event_minus_background_specificity,"-1,0","-10,-7,-5",same source major_severe local events,source_event_id,1000,separately within each source_region across wrong-region × buffer × variable tests,outputs/controls/wrong_region_control_statistical.csv,source=kara_sea;wrong=barents_sea;variable=era5_msl_buffer;buffer_km=300
WRONG_224,wrong_region_control,primary,kara_sea,barents_sea,zonal_wind_u10,era5_u10_buffer,300,event_minus_background_specificity,"-1,0","-10,-7,-5",same source major_severe local events,source_event_id,1000,separately within each source_region across wrong-region × buffer × variable tests,outputs/controls/wrong_region_control_statistical.csv,source=kara_sea;wrong=barents_sea;variable=era5_u10_buffer;buffer_km=300
WRONG_225,wrong_region_control,primary,kara_sea,barents_sea,meridional_wind_v10,era5_v10_buffer,300,event_minus_background_specificity,"-1,0","-10,-7,-5",same source major_severe local events,source_event_id,1000,separately within each source_region across wrong-region × buffer × variable tests,outputs/controls/wrong_region_control_statistical.csv,source=kara_sea;wrong=barents_sea;variable=era5_v10_buffer;buffer_km=300
WRONG_226,wrong_region_control,primary,kara_sea,barents_sea,wind_speed_10m,era5_wspd10_buffer,300,event_minus_background_specificity,"-1,0","-10,-7,-5",same source major_severe local events,source_event_id,1000,separately within each source_region across wrong-region × buffer × variable tests,outputs/controls/wrong_region_control_statistical.csv,source=kara_sea;wrong=barents_sea;variable=era5_wspd10_buffer;buffer_km=300
WRONG_227,wrong_region_control,primary,kara_sea,barents_sea,sic_change_5d,sic_change_5d_buffer,300,event_minus_background_specificity,"-1,0","-10,-7,-5",same source major_severe local events,source_event_id,1000,separately within each source_region across wrong-region × buffer × variable tests,outputs/controls/wrong_region_control_statistical.csv,source=kara_sea;wrong=barents_sea;variable=sic_change_5d_buffer;buffer_km=300
WRONG_228,wrong_region_control,primary,kara_sea,barents_sea,sic_state,sic_mean_buffer,300,event_minus_background_specificity,"-1,0","-10,-7,-5",same source major_severe local events,source_event_id,1000,separately within each source_region across wrong-region × buffer × variable tests,outputs/controls/wrong_region_control_statistical.csv,source=kara_sea;wrong=barents_sea;variable=sic_mean_buffer;buffer_km=300
WRONG_229,wrong_region_control,primary,kara_sea,barents_sea,mean_sea_level_pressure,era5_msl_buffer,500,event_minus_background_specificity,"-1,0","-10,-7,-5",same source major_severe local events,source_event_id,1000,separately within each source_region across wrong-region × buffer × variable tests,outputs/controls/wrong_region_control_statistical.csv,source=kara_sea;wrong=barents_sea;variable=era5_msl_buffer;buffer_km=500
WRONG_230,wrong_region_control,primary,kara_sea,barents_sea,zonal_wind_u10,era5_u10_buffer,500,event_minus_background_specificity,"-1,0","-10,-7,-5",same source major_severe local events,source_event_id,1000,separately within each source_region across wrong-region × buffer × variable tests,outputs/controls/wrong_region_control_statistical.csv,source=kara_sea;wrong=barents_sea;variable=era5_u10_buffer;buffer_km=500
WRONG_231,wrong_region_control,primary,kara_sea,barents_sea,meridional_wind_v10,era5_v10_buffer,500,event_minus_background_specificity,"-1,0","-10,-7,-5",same source major_severe local events,source_event_id,1000,separately within each source_region across wrong-region × buffer × variable tests,outputs/controls/wrong_region_control_statistical.csv,source=kara_sea;wrong=barents_sea;variable=era5_v10_buffer;buffer_km=500
WRONG_232,wrong_region_control,primary,kara_sea,barents_sea,wind_speed_10m,era5_wspd10_buffer,500,event_minus_background_specificity,"-1,0","-10,-7,-5",same source major_severe local events,source_event_id,1000,separately within each source_region across wrong-region × buffer × variable tests,outputs/controls/wrong_region_control_statistical.csv,source=kara_sea;wrong=barents_sea;variable=era5_wspd10_buffer;buffer_km=500
WRONG_233,wrong_region_control,primary,kara_sea,barents_sea,sic_change_5d,sic_change_5d_buffer,500,event_minus_background_specificity,"-1,0","-10,-7,-5",same source major_severe local events,source_event_id,1000,separately within each source_region across wrong-region × buffer × variable tests,outputs/controls/wrong_region_control_statistical.csv,source=kara_sea;wrong=barents_sea;variable=sic_change_5d_buffer;buffer_km=500
WRONG_234,wrong_region_control,primary,kara_sea,barents_sea,sic_state,sic_mean_buffer,500,event_minus_background_specificity,"-1,0","-10,-7,-5",same source major_severe local events,source_event_id,1000,separately within each source_region across wrong-region × buffer × variable tests,outputs/controls/wrong_region_control_statistical.csv,source=kara_sea;wrong=barents_sea;variable=sic_mean_buffer;buffer_km=500
WRONG_235,wrong_region_control,primary,kara_sea,beaufort_sea,mean_sea_level_pressure,era5_msl_buffer,100,event_minus_background_specificity,"-1,0","-10,-7,-5",same source major_severe local events,source_event_id,1000,separately within each source_region across wrong-region × buffer × variable tests,outputs/controls/wrong_region_control_statistical.csv,source=kara_sea;wrong=beaufort_sea;variable=era5_msl_buffer;buffer_km=100
WRONG_236,wrong_region_control,primary,kara_sea,beaufort_sea,zonal_wind_u10,era5_u10_buffer,100,event_minus_background_specificity,"-1,0","-10,-7,-5",same source major_severe local events,source_event_id,1000,separately within each source_region across wrong-region × buffer × variable tests,outputs/controls/wrong_region_control_statistical.csv,source=kara_sea;wrong=beaufort_sea;variable=era5_u10_buffer;buffer_km=100
WRONG_237,wrong_region_control,primary,kara_sea,beaufort_sea,meridional_wind_v10,era5_v10_buffer,100,event_minus_background_specificity,"-1,0","-10,-7,-5",same source major_severe local events,source_event_id,1000,separately within each source_region across wrong-region × buffer × variable tests,outputs/controls/wrong_region_control_statistical.csv,source=kara_sea;wrong=beaufort_sea;variable=era5_v10_buffer;buffer_km=100
WRONG_238,wrong_region_control,primary,kara_sea,beaufort_sea,wind_speed_10m,era5_wspd10_buffer,100,event_minus_background_specificity,"-1,0","-10,-7,-5",same source major_severe local events,source_event_id,1000,separately within each source_region across wrong-region × buffer × variable tests,outputs/controls/wrong_region_control_statistical.csv,source=kara_sea;wrong=beaufort_sea;variable=era5_wspd10_buffer;buffer_km=100
WRONG_239,wrong_region_control,primary,kara_sea,beaufort_sea,sic_change_5d,sic_change_5d_buffer,100,event_minus_background_specificity,"-1,0","-10,-7,-5",same source major_severe local events,source_event_id,1000,separately within each source_region across wrong-region × buffer × variable tests,outputs/controls/wrong_region_control_statistical.csv,source=kara_sea;wrong=beaufort_sea;variable=sic_change_5d_buffer;buffer_km=100
WRONG_240,wrong_region_control,primary,kara_sea,beaufort_sea,sic_state,sic_mean_buffer,100,event_minus_background_specificity,"-1,0","-10,-7,-5",same source major_severe local events,source_event_id,1000,separately within each source_region across wrong-region × buffer × variable tests,outputs/controls/wrong_region_control_statistical.csv,source=kara_sea;wrong=beaufort_sea;variable=sic_mean_buffer;buffer_km=100
WRONG_241,wrong_region_control,primary,kara_sea,beaufort_sea,mean_sea_level_pressure,era5_msl_buffer,300,event_minus_background_specificity,"-1,0","-10,-7,-5",same source major_severe local events,source_event_id,1000,separately within each source_region across wrong-region × buffer × variable tests,outputs/controls/wrong_region_control_statistical.csv,source=kara_sea;wrong=beaufort_sea;variable=era5_msl_buffer;buffer_km=300
WRONG_242,wrong_region_control,primary,kara_sea,beaufort_sea,zonal_wind_u10,era5_u10_buffer,300,event_minus_background_specificity,"-1,0","-10,-7,-5",same source major_severe local events,source_event_id,1000,separately within each source_region across wrong-region × buffer × variable tests,outputs/controls/wrong_region_control_statistical.csv,source=kara_sea;wrong=beaufort_sea;variable=era5_u10_buffer;buffer_km=300
WRONG_243,wrong_region_control,primary,kara_sea,beaufort_sea,meridional_wind_v10,era5_v10_buffer,300,event_minus_background_specificity,"-1,0","-10,-7,-5",same source major_severe local events,source_event_id,1000,separately within each source_region across wrong-region × buffer × variable tests,outputs/controls/wrong_region_control_statistical.csv,source=kara_sea;wrong=beaufort_sea;variable=era5_v10_buffer;buffer_km=300
WRONG_244,wrong_region_control,primary,kara_sea,beaufort_sea,wind_speed_10m,era5_wspd10_buffer,300,event_minus_background_specificity,"-1,0","-10,-7,-5",same source major_severe local events,source_event_id,1000,separately within each source_region across wrong-region × buffer × variable tests,outputs/controls/wrong_region_control_statistical.csv,source=kara_sea;wrong=beaufort_sea;variable=era5_wspd10_buffer;buffer_km=300
WRONG_245,wrong_region_control,primary,kara_sea,beaufort_sea,sic_change_5d,sic_change_5d_buffer,300,event_minus_background_specificity,"-1,0","-10,-7,-5",same source major_severe local events,source_event_id,1000,separately within each source_region across wrong-region × buffer × variable tests,outputs/controls/wrong_region_control_statistical.csv,source=kara_sea;wrong=beaufort_sea;variable=sic_change_5d_buffer;buffer_km=300
WRONG_246,wrong_region_control,primary,kara_sea,beaufort_sea,sic_state,sic_mean_buffer,300,event_minus_background_specificity,"-1,0","-10,-7,-5",same source major_severe local events,source_event_id,1000,separately within each source_region across wrong-region × buffer × variable tests,outputs/controls/wrong_region_control_statistical.csv,source=kara_sea;wrong=beaufort_sea;variable=sic_mean_buffer;buffer_km=300
WRONG_247,wrong_region_control,primary,kara_sea,beaufort_sea,mean_sea_level_pressure,era5_msl_buffer,500,event_minus_background_specificity,"-1,0","-10,-7,-5",same source major_severe local events,source_event_id,1000,separately within each source_region across wrong-region × buffer × variable tests,outputs/controls/wrong_region_control_statistical.csv,source=kara_sea;wrong=beaufort_sea;variable=era5_msl_buffer;buffer_km=500
WRONG_248,wrong_region_control,primary,kara_sea,beaufort_sea,zonal_wind_u10,era5_u10_buffer,500,event_minus_background_specificity,"-1,0","-10,-7,-5",same source major_severe local events,source_event_id,1000,separately within each source_region across wrong-region × buffer × variable tests,outputs/controls/wrong_region_control_statistical.csv,source=kara_sea;wrong=beaufort_sea;variable=era5_u10_buffer;buffer_km=500
WRONG_249,wrong_region_control,primary,kara_sea,beaufort_sea,meridional_wind_v10,era5_v10_buffer,500,event_minus_background_specificity,"-1,0","-10,-7,-5",same source major_severe local events,source_event_id,1000,separately within each source_region across wrong-region × buffer × variable tests,outputs/controls/wrong_region_control_statistical.csv,source=kara_sea;wrong=beaufort_sea;variable=era5_v10_buffer;buffer_km=500
WRONG_250,wrong_region_control,primary,kara_sea,beaufort_sea,wind_speed_10m,era5_wspd10_buffer,500,event_minus_background_specificity,"-1,0","-10,-7,-5",same source major_severe local events,source_event_id,1000,separately within each source_region across wrong-region × buffer × variable tests,outputs/controls/wrong_region_control_statistical.csv,source=kara_sea;wrong=beaufort_sea;variable=era5_wspd10_buffer;buffer_km=500
WRONG_251,wrong_region_control,primary,kara_sea,beaufort_sea,sic_change_5d,sic_change_5d_buffer,500,event_minus_background_specificity,"-1,0","-10,-7,-5",same source major_severe local events,source_event_id,1000,separately within each source_region across wrong-region × buffer × variable tests,outputs/controls/wrong_region_control_statistical.csv,source=kara_sea;wrong=beaufort_sea;variable=sic_change_5d_buffer;buffer_km=500
WRONG_252,wrong_region_control,primary,kara_sea,beaufort_sea,sic_state,sic_mean_buffer,500,event_minus_background_specificity,"-1,0","-10,-7,-5",same source major_severe local events,source_event_id,1000,separately within each source_region across wrong-region × buffer × variable tests,outputs/controls/wrong_region_control_statistical.csv,source=kara_sea;wrong=beaufort_sea;variable=sic_mean_buffer;buffer_km=500
WRONG_253,wrong_region_control,primary,kara_sea,central_arctic,mean_sea_level_pressure,era5_msl_buffer,100,event_minus_background_specificity,"-1,0","-10,-7,-5",same source major_severe local events,source_event_id,1000,separately within each source_region across wrong-region × buffer × variable tests,outputs/controls/wrong_region_control_statistical.csv,source=kara_sea;wrong=central_arctic;variable=era5_msl_buffer;buffer_km=100
WRONG_254,wrong_region_control,primary,kara_sea,central_arctic,zonal_wind_u10,era5_u10_buffer,100,event_minus_background_specificity,"-1,0","-10,-7,-5",same source major_severe local events,source_event_id,1000,separately within each source_region across wrong-region × buffer × variable tests,outputs/controls/wrong_region_control_statistical.csv,source=kara_sea;wrong=central_arctic;variable=era5_u10_buffer;buffer_km=100
WRONG_255,wrong_region_control,primary,kara_sea,central_arctic,meridional_wind_v10,era5_v10_buffer,100,event_minus_background_specificity,"-1,0","-10,-7,-5",same source major_severe local events,source_event_id,1000,separately within each source_region across wrong-region × buffer × variable tests,outputs/controls/wrong_region_control_statistical.csv,source=kara_sea;wrong=central_arctic;variable=era5_v10_buffer;buffer_km=100
WRONG_256,wrong_region_control,primary,kara_sea,central_arctic,wind_speed_10m,era5_wspd10_buffer,100,event_minus_background_specificity,"-1,0","-10,-7,-5",same source major_severe local events,source_event_id,1000,separately within each source_region across wrong-region × buffer × variable tests,outputs/controls/wrong_region_control_statistical.csv,source=kara_sea;wrong=central_arctic;variable=era5_wspd10_buffer;buffer_km=100
WRONG_257,wrong_region_control,primary,kara_sea,central_arctic,sic_change_5d,sic_change_5d_buffer,100,event_minus_background_specificity,"-1,0","-10,-7,-5",same source major_severe local events,source_event_id,1000,separately within each source_region across wrong-region × buffer × variable tests,outputs/controls/wrong_region_control_statistical.csv,source=kara_sea;wrong=central_arctic;variable=sic_change_5d_buffer;buffer_km=100
WRONG_258,wrong_region_control,primary,kara_sea,central_arctic,sic_state,sic_mean_buffer,100,event_minus_background_specificity,"-1,0","-10,-7,-5",same source major_severe local events,source_event_id,1000,separately within each source_region across wrong-region × buffer × variable tests,outputs/controls/wrong_region_control_statistical.csv,source=kara_sea;wrong=central_arctic;variable=sic_mean_buffer;buffer_km=100
WRONG_259,wrong_region_control,primary,kara_sea,central_arctic,mean_sea_level_pressure,era5_msl_buffer,300,event_minus_background_specificity,"-1,0","-10,-7,-5",same source major_severe local events,source_event_id,1000,separately within each source_region across wrong-region × buffer × variable tests,outputs/controls/wrong_region_control_statistical.csv,source=kara_sea;wrong=central_arctic;variable=era5_msl_buffer;buffer_km=300
WRONG_260,wrong_region_control,primary,kara_sea,central_arctic,zonal_wind_u10,era5_u10_buffer,300,event_minus_background_specificity,"-1,0","-10,-7,-5",same source major_severe local events,source_event_id,1000,separately within each source_region across wrong-region × buffer × variable tests,outputs/controls/wrong_region_control_statistical.csv,source=kara_sea;wrong=central_arctic;variable=era5_u10_buffer;buffer_km=300
WRONG_261,wrong_region_control,primary,kara_sea,central_arctic,meridional_wind_v10,era5_v10_buffer,300,event_minus_background_specificity,"-1,0","-10,-7,-5",same source major_severe local events,source_event_id,1000,separately within each source_region across wrong-region × buffer × variable tests,outputs/controls/wrong_region_control_statistical.csv,source=kara_sea;wrong=central_arctic;variable=era5_v10_buffer;buffer_km=300
WRONG_262,wrong_region_control,primary,kara_sea,central_arctic,wind_speed_10m,era5_wspd10_buffer,300,event_minus_background_specificity,"-1,0","-10,-7,-5",same source major_severe local events,source_event_id,1000,separately within each source_region across wrong-region × buffer × variable tests,outputs/controls/wrong_region_control_statistical.csv,source=kara_sea;wrong=central_arctic;variable=era5_wspd10_buffer;buffer_km=300
WRONG_263,wrong_region_control,primary,kara_sea,central_arctic,sic_change_5d,sic_change_5d_buffer,300,event_minus_background_specificity,"-1,0","-10,-7,-5",same source major_severe local events,source_event_id,1000,separately within each source_region across wrong-region × buffer × variable tests,outputs/controls/wrong_region_control_statistical.csv,source=kara_sea;wrong=central_arctic;variable=sic_change_5d_buffer;buffer_km=300
WRONG_264,wrong_region_control,primary,kara_sea,central_arctic,sic_state,sic_mean_buffer,300,event_minus_background_specificity,"-1,0","-10,-7,-5",same source major_severe local events,source_event_id,1000,separately within each source_region across wrong-region × buffer × variable tests,outputs/controls/wrong_region_control_statistical.csv,source=kara_sea;wrong=central_arctic;variable=sic_mean_buffer;buffer_km=300
WRONG_265,wrong_region_control,primary,kara_sea,central_arctic,mean_sea_level_pressure,era5_msl_buffer,500,event_minus_background_specificity,"-1,0","-10,-7,-5",same source major_severe local events,source_event_id,1000,separately within each source_region across wrong-region × buffer × variable tests,outputs/controls/wrong_region_control_statistical.csv,source=kara_sea;wrong=central_arctic;variable=era5_msl_buffer;buffer_km=500
WRONG_266,wrong_region_control,primary,kara_sea,central_arctic,zonal_wind_u10,era5_u10_buffer,500,event_minus_background_specificity,"-1,0","-10,-7,-5",same source major_severe local events,source_event_id,1000,separately within each source_region across wrong-region × buffer × variable tests,outputs/controls/wrong_region_control_statistical.csv,source=kara_sea;wrong=central_arctic;variable=era5_u10_buffer;buffer_km=500
WRONG_267,wrong_region_control,primary,kara_sea,central_arctic,meridional_wind_v10,era5_v10_buffer,500,event_minus_background_specificity,"-1,0","-10,-7,-5",same source major_severe local events,source_event_id,1000,separately within each source_region across wrong-region × buffer × variable tests,outputs/controls/wrong_region_control_statistical.csv,source=kara_sea;wrong=central_arctic;variable=era5_v10_buffer;buffer_km=500
WRONG_268,wrong_region_control,primary,kara_sea,central_arctic,wind_speed_10m,era5_wspd10_buffer,500,event_minus_background_specificity,"-1,0","-10,-7,-5",same source major_severe local events,source_event_id,1000,separately within each source_region across wrong-region × buffer × variable tests,outputs/controls/wrong_region_control_statistical.csv,source=kara_sea;wrong=central_arctic;variable=era5_wspd10_buffer;buffer_km=500
WRONG_269,wrong_region_control,primary,kara_sea,central_arctic,sic_change_5d,sic_change_5d_buffer,500,event_minus_background_specificity,"-1,0","-10,-7,-5",same source major_severe local events,source_event_id,1000,separately within each source_region across wrong-region × buffer × variable tests,outputs/controls/wrong_region_control_statistical.csv,source=kara_sea;wrong=central_arctic;variable=sic_change_5d_buffer;buffer_km=500
WRONG_270,wrong_region_control,primary,kara_sea,central_arctic,sic_state,sic_mean_buffer,500,event_minus_background_specificity,"-1,0","-10,-7,-5",same source major_severe local events,source_event_id,1000,separately within each source_region across wrong-region × buffer × variable tests,outputs/controls/wrong_region_control_statistical.csv,source=kara_sea;wrong=central_arctic;variable=sic_mean_buffer;buffer_km=500
WRONG_271,wrong_region_control,primary,kara_sea,laptev_sea,mean_sea_level_pressure,era5_msl_buffer,100,event_minus_background_specificity,"-1,0","-10,-7,-5",same source major_severe local events,source_event_id,1000,separately within each source_region across wrong-region × buffer × variable tests,outputs/controls/wrong_region_control_statistical.csv,source=kara_sea;wrong=laptev_sea;variable=era5_msl_buffer;buffer_km=100
WRONG_272,wrong_region_control,primary,kara_sea,laptev_sea,zonal_wind_u10,era5_u10_buffer,100,event_minus_background_specificity,"-1,0","-10,-7,-5",same source major_severe local events,source_event_id,1000,separately within each source_region across wrong-region × buffer × variable tests,outputs/controls/wrong_region_control_statistical.csv,source=kara_sea;wrong=laptev_sea;variable=era5_u10_buffer;buffer_km=100
WRONG_273,wrong_region_control,primary,kara_sea,laptev_sea,meridional_wind_v10,era5_v10_buffer,100,event_minus_background_specificity,"-1,0","-10,-7,-5",same source major_severe local events,source_event_id,1000,separately within each source_region across wrong-region × buffer × variable tests,outputs/controls/wrong_region_control_statistical.csv,source=kara_sea;wrong=laptev_sea;variable=era5_v10_buffer;buffer_km=100
WRONG_274,wrong_region_control,primary,kara_sea,laptev_sea,wind_speed_10m,era5_wspd10_buffer,100,event_minus_background_specificity,"-1,0","-10,-7,-5",same source major_severe local events,source_event_id,1000,separately within each source_region across wrong-region × buffer × variable tests,outputs/controls/wrong_region_control_statistical.csv,source=kara_sea;wrong=laptev_sea;variable=era5_wspd10_buffer;buffer_km=100
WRONG_275,wrong_region_control,primary,kara_sea,laptev_sea,sic_change_5d,sic_change_5d_buffer,100,event_minus_background_specificity,"-1,0","-10,-7,-5",same source major_severe local events,source_event_id,1000,separately within each source_region across wrong-region × buffer × variable tests,outputs/controls/wrong_region_control_statistical.csv,source=kara_sea;wrong=laptev_sea;variable=sic_change_5d_buffer;buffer_km=100
WRONG_276,wrong_region_control,primary,kara_sea,laptev_sea,sic_state,sic_mean_buffer,100,event_minus_background_specificity,"-1,0","-10,-7,-5",same source major_severe local events,source_event_id,1000,separately within each source_region across wrong-region × buffer × variable tests,outputs/controls/wrong_region_control_statistical.csv,source=kara_sea;wrong=laptev_sea;variable=sic_mean_buffer;buffer_km=100
WRONG_277,wrong_region_control,primary,kara_sea,laptev_sea,mean_sea_level_pressure,era5_msl_buffer,300,event_minus_background_specificity,"-1,0","-10,-7,-5",same source major_severe local events,source_event_id,1000,separately within each source_region across wrong-region × buffer × variable tests,outputs/controls/wrong_region_control_statistical.csv,source=kara_sea;wrong=laptev_sea;variable=era5_msl_buffer;buffer_km=300
WRONG_278,wrong_region_control,primary,kara_sea,laptev_sea,zonal_wind_u10,era5_u10_buffer,300,event_minus_background_specificity,"-1,0","-10,-7,-5",same source major_severe local events,source_event_id,1000,separately within each source_region across wrong-region × buffer × variable tests,outputs/controls/wrong_region_control_statistical.csv,source=kara_sea;wrong=laptev_sea;variable=era5_u10_buffer;buffer_km=300
WRONG_279,wrong_region_control,primary,kara_sea,laptev_sea,meridional_wind_v10,era5_v10_buffer,300,event_minus_background_specificity,"-1,0","-10,-7,-5",same source major_severe local events,source_event_id,1000,separately within each source_region across wrong-region × buffer × variable tests,outputs/controls/wrong_region_control_statistical.csv,source=kara_sea;wrong=laptev_sea;variable=era5_v10_buffer;buffer_km=300
WRONG_280,wrong_region_control,primary,kara_sea,laptev_sea,wind_speed_10m,era5_wspd10_buffer,300,event_minus_background_specificity,"-1,0","-10,-7,-5",same source major_severe local events,source_event_id,1000,separately within each source_region across wrong-region × buffer × variable tests,outputs/controls/wrong_region_control_statistical.csv,source=kara_sea;wrong=laptev_sea;variable=era5_wspd10_buffer;buffer_km=300
WRONG_281,wrong_region_control,primary,kara_sea,laptev_sea,sic_change_5d,sic_change_5d_buffer,300,event_minus_background_specificity,"-1,0","-10,-7,-5",same source major_severe local events,source_event_id,1000,separately within each source_region across wrong-region × buffer × variable tests,outputs/controls/wrong_region_control_statistical.csv,source=kara_sea;wrong=laptev_sea;variable=sic_change_5d_buffer;buffer_km=300
WRONG_282,wrong_region_control,primary,kara_sea,laptev_sea,sic_state,sic_mean_buffer,300,event_minus_background_specificity,"-1,0","-10,-7,-5",same source major_severe local events,source_event_id,1000,separately within each source_region across wrong-region × buffer × variable tests,outputs/controls/wrong_region_control_statistical.csv,source=kara_sea;wrong=laptev_sea;variable=sic_mean_buffer;buffer_km=300
WRONG_283,wrong_region_control,primary,kara_sea,laptev_sea,mean_sea_level_pressure,era5_msl_buffer,500,event_minus_background_specificity,"-1,0","-10,-7,-5",same source major_severe local events,source_event_id,1000,separately within each source_region across wrong-region × buffer × variable tests,outputs/controls/wrong_region_control_statistical.csv,source=kara_sea;wrong=laptev_sea;variable=era5_msl_buffer;buffer_km=500
WRONG_284,wrong_region_control,primary,kara_sea,laptev_sea,zonal_wind_u10,era5_u10_buffer,500,event_minus_background_specificity,"-1,0","-10,-7,-5",same source major_severe local events,source_event_id,1000,separately within each source_region across wrong-region × buffer × variable tests,outputs/controls/wrong_region_control_statistical.csv,source=kara_sea;wrong=laptev_sea;variable=era5_u10_buffer;buffer_km=500
WRONG_285,wrong_region_control,primary,kara_sea,laptev_sea,meridional_wind_v10,era5_v10_buffer,500,event_minus_background_specificity,"-1,0","-10,-7,-5",same source major_severe local events,source_event_id,1000,separately within each source_region across wrong-region × buffer × variable tests,outputs/controls/wrong_region_control_statistical.csv,source=kara_sea;wrong=laptev_sea;variable=era5_v10_buffer;buffer_km=500
WRONG_286,wrong_region_control,primary,kara_sea,laptev_sea,wind_speed_10m,era5_wspd10_buffer,500,event_minus_background_specificity,"-1,0","-10,-7,-5",same source major_severe local events,source_event_id,1000,separately within each source_region across wrong-region × buffer × variable tests,outputs/controls/wrong_region_control_statistical.csv,source=kara_sea;wrong=laptev_sea;variable=era5_wspd10_buffer;buffer_km=500
WRONG_287,wrong_region_control,primary,kara_sea,laptev_sea,sic_change_5d,sic_change_5d_buffer,500,event_minus_background_specificity,"-1,0","-10,-7,-5",same source major_severe local events,source_event_id,1000,separately within each source_region across wrong-region × buffer × variable tests,outputs/controls/wrong_region_control_statistical.csv,source=kara_sea;wrong=laptev_sea;variable=sic_change_5d_buffer;buffer_km=500
WRONG_288,wrong_region_control,primary,kara_sea,laptev_sea,sic_state,sic_mean_buffer,500,event_minus_background_specificity,"-1,0","-10,-7,-5",same source major_severe local events,source_event_id,1000,separately within each source_region across wrong-region × buffer × variable tests,outputs/controls/wrong_region_control_statistical.csv,source=kara_sea;wrong=laptev_sea;variable=sic_mean_buffer;buffer_km=500
WRONG_289,wrong_region_control,primary,laptev_sea,barents_sea,mean_sea_level_pressure,era5_msl_buffer,100,event_minus_background_specificity,"-1,0","-10,-7,-5",same source major_severe local events,source_event_id,1000,separately within each source_region across wrong-region × buffer × variable tests,outputs/controls/wrong_region_control_statistical.csv,source=laptev_sea;wrong=barents_sea;variable=era5_msl_buffer;buffer_km=100
WRONG_290,wrong_region_control,primary,laptev_sea,barents_sea,zonal_wind_u10,era5_u10_buffer,100,event_minus_background_specificity,"-1,0","-10,-7,-5",same source major_severe local events,source_event_id,1000,separately within each source_region across wrong-region × buffer × variable tests,outputs/controls/wrong_region_control_statistical.csv,source=laptev_sea;wrong=barents_sea;variable=era5_u10_buffer;buffer_km=100
WRONG_291,wrong_region_control,primary,laptev_sea,barents_sea,meridional_wind_v10,era5_v10_buffer,100,event_minus_background_specificity,"-1,0","-10,-7,-5",same source major_severe local events,source_event_id,1000,separately within each source_region across wrong-region × buffer × variable tests,outputs/controls/wrong_region_control_statistical.csv,source=laptev_sea;wrong=barents_sea;variable=era5_v10_buffer;buffer_km=100
WRONG_292,wrong_region_control,primary,laptev_sea,barents_sea,wind_speed_10m,era5_wspd10_buffer,100,event_minus_background_specificity,"-1,0","-10,-7,-5",same source major_severe local events,source_event_id,1000,separately within each source_region across wrong-region × buffer × variable tests,outputs/controls/wrong_region_control_statistical.csv,source=laptev_sea;wrong=barents_sea;variable=era5_wspd10_buffer;buffer_km=100
WRONG_293,wrong_region_control,primary,laptev_sea,barents_sea,sic_change_5d,sic_change_5d_buffer,100,event_minus_background_specificity,"-1,0","-10,-7,-5",same source major_severe local events,source_event_id,1000,separately within each source_region across wrong-region × buffer × variable tests,outputs/controls/wrong_region_control_statistical.csv,source=laptev_sea;wrong=barents_sea;variable=sic_change_5d_buffer;buffer_km=100
WRONG_294,wrong_region_control,primary,laptev_sea,barents_sea,sic_state,sic_mean_buffer,100,event_minus_background_specificity,"-1,0","-10,-7,-5",same source major_severe local events,source_event_id,1000,separately within each source_region across wrong-region × buffer × variable tests,outputs/controls/wrong_region_control_statistical.csv,source=laptev_sea;wrong=barents_sea;variable=sic_mean_buffer;buffer_km=100
WRONG_295,wrong_region_control,primary,laptev_sea,barents_sea,mean_sea_level_pressure,era5_msl_buffer,300,event_minus_background_specificity,"-1,0","-10,-7,-5",same source major_severe local events,source_event_id,1000,separately within each source_region across wrong-region × buffer × variable tests,outputs/controls/wrong_region_control_statistical.csv,source=laptev_sea;wrong=barents_sea;variable=era5_msl_buffer;buffer_km=300
WRONG_296,wrong_region_control,primary,laptev_sea,barents_sea,zonal_wind_u10,era5_u10_buffer,300,event_minus_background_specificity,"-1,0","-10,-7,-5",same source major_severe local events,source_event_id,1000,separately within each source_region across wrong-region × buffer × variable tests,outputs/controls/wrong_region_control_statistical.csv,source=laptev_sea;wrong=barents_sea;variable=era5_u10_buffer;buffer_km=300
WRONG_297,wrong_region_control,primary,laptev_sea,barents_sea,meridional_wind_v10,era5_v10_buffer,300,event_minus_background_specificity,"-1,0","-10,-7,-5",same source major_severe local events,source_event_id,1000,separately within each source_region across wrong-region × buffer × variable tests,outputs/controls/wrong_region_control_statistical.csv,source=laptev_sea;wrong=barents_sea;variable=era5_v10_buffer;buffer_km=300
WRONG_298,wrong_region_control,primary,laptev_sea,barents_sea,wind_speed_10m,era5_wspd10_buffer,300,event_minus_background_specificity,"-1,0","-10,-7,-5",same source major_severe local events,source_event_id,1000,separately within each source_region across wrong-region × buffer × variable tests,outputs/controls/wrong_region_control_statistical.csv,source=laptev_sea;wrong=barents_sea;variable=era5_wspd10_buffer;buffer_km=300
WRONG_299,wrong_region_control,primary,laptev_sea,barents_sea,sic_change_5d,sic_change_5d_buffer,300,event_minus_background_specificity,"-1,0","-10,-7,-5",same source major_severe local events,source_event_id,1000,separately within each source_region across wrong-region × buffer × variable tests,outputs/controls/wrong_region_control_statistical.csv,source=laptev_sea;wrong=barents_sea;variable=sic_change_5d_buffer;buffer_km=300
WRONG_300,wrong_region_control,primary,laptev_sea,barents_sea,sic_state,sic_mean_buffer,300,event_minus_background_specificity,"-1,0","-10,-7,-5",same source major_severe local events,source_event_id,1000,separately within each source_region across wrong-region × buffer × variable tests,outputs/controls/wrong_region_control_statistical.csv,source=laptev_sea;wrong=barents_sea;variable=sic_mean_buffer;buffer_km=300
WRONG_301,wrong_region_control,primary,laptev_sea,barents_sea,mean_sea_level_pressure,era5_msl_buffer,500,event_minus_background_specificity,"-1,0","-10,-7,-5",same source major_severe local events,source_event_id,1000,separately within each source_region across wrong-region × buffer × variable tests,outputs/controls/wrong_region_control_statistical.csv,source=laptev_sea;wrong=barents_sea;variable=era5_msl_buffer;buffer_km=500
WRONG_302,wrong_region_control,primary,laptev_sea,barents_sea,zonal_wind_u10,era5_u10_buffer,500,event_minus_background_specificity,"-1,0","-10,-7,-5",same source major_severe local events,source_event_id,1000,separately within each source_region across wrong-region × buffer × variable tests,outputs/controls/wrong_region_control_statistical.csv,source=laptev_sea;wrong=barents_sea;variable=era5_u10_buffer;buffer_km=500
WRONG_303,wrong_region_control,primary,laptev_sea,barents_sea,meridional_wind_v10,era5_v10_buffer,500,event_minus_background_specificity,"-1,0","-10,-7,-5",same source major_severe local events,source_event_id,1000,separately within each source_region across wrong-region × buffer × variable tests,outputs/controls/wrong_region_control_statistical.csv,source=laptev_sea;wrong=barents_sea;variable=era5_v10_buffer;buffer_km=500
WRONG_304,wrong_region_control,primary,laptev_sea,barents_sea,wind_speed_10m,era5_wspd10_buffer,500,event_minus_background_specificity,"-1,0","-10,-7,-5",same source major_severe local events,source_event_id,1000,separately within each source_region across wrong-region × buffer × variable tests,outputs/controls/wrong_region_control_statistical.csv,source=laptev_sea;wrong=barents_sea;variable=era5_wspd10_buffer;buffer_km=500
WRONG_305,wrong_region_control,primary,laptev_sea,barents_sea,sic_change_5d,sic_change_5d_buffer,500,event_minus_background_specificity,"-1,0","-10,-7,-5",same source major_severe local events,source_event_id,1000,separately within each source_region across wrong-region × buffer × variable tests,outputs/controls/wrong_region_control_statistical.csv,source=laptev_sea;wrong=barents_sea;variable=sic_change_5d_buffer;buffer_km=500
WRONG_306,wrong_region_control,primary,laptev_sea,barents_sea,sic_state,sic_mean_buffer,500,event_minus_background_specificity,"-1,0","-10,-7,-5",same source major_severe local events,source_event_id,1000,separately within each source_region across wrong-region × buffer × variable tests,outputs/controls/wrong_region_control_statistical.csv,source=laptev_sea;wrong=barents_sea;variable=sic_mean_buffer;buffer_km=500
WRONG_307,wrong_region_control,primary,laptev_sea,beaufort_sea,mean_sea_level_pressure,era5_msl_buffer,100,event_minus_background_specificity,"-1,0","-10,-7,-5",same source major_severe local events,source_event_id,1000,separately within each source_region across wrong-region × buffer × variable tests,outputs/controls/wrong_region_control_statistical.csv,source=laptev_sea;wrong=beaufort_sea;variable=era5_msl_buffer;buffer_km=100
WRONG_308,wrong_region_control,primary,laptev_sea,beaufort_sea,zonal_wind_u10,era5_u10_buffer,100,event_minus_background_specificity,"-1,0","-10,-7,-5",same source major_severe local events,source_event_id,1000,separately within each source_region across wrong-region × buffer × variable tests,outputs/controls/wrong_region_control_statistical.csv,source=laptev_sea;wrong=beaufort_sea;variable=era5_u10_buffer;buffer_km=100
WRONG_309,wrong_region_control,primary,laptev_sea,beaufort_sea,meridional_wind_v10,era5_v10_buffer,100,event_minus_background_specificity,"-1,0","-10,-7,-5",same source major_severe local events,source_event_id,1000,separately within each source_region across wrong-region × buffer × variable tests,outputs/controls/wrong_region_control_statistical.csv,source=laptev_sea;wrong=beaufort_sea;variable=era5_v10_buffer;buffer_km=100
WRONG_310,wrong_region_control,primary,laptev_sea,beaufort_sea,wind_speed_10m,era5_wspd10_buffer,100,event_minus_background_specificity,"-1,0","-10,-7,-5",same source major_severe local events,source_event_id,1000,separately within each source_region across wrong-region × buffer × variable tests,outputs/controls/wrong_region_control_statistical.csv,source=laptev_sea;wrong=beaufort_sea;variable=era5_wspd10_buffer;buffer_km=100
WRONG_311,wrong_region_control,primary,laptev_sea,beaufort_sea,sic_change_5d,sic_change_5d_buffer,100,event_minus_background_specificity,"-1,0","-10,-7,-5",same source major_severe local events,source_event_id,1000,separately within each source_region across wrong-region × buffer × variable tests,outputs/controls/wrong_region_control_statistical.csv,source=laptev_sea;wrong=beaufort_sea;variable=sic_change_5d_buffer;buffer_km=100
WRONG_312,wrong_region_control,primary,laptev_sea,beaufort_sea,sic_state,sic_mean_buffer,100,event_minus_background_specificity,"-1,0","-10,-7,-5",same source major_severe local events,source_event_id,1000,separately within each source_region across wrong-region × buffer × variable tests,outputs/controls/wrong_region_control_statistical.csv,source=laptev_sea;wrong=beaufort_sea;variable=sic_mean_buffer;buffer_km=100
WRONG_313,wrong_region_control,primary,laptev_sea,beaufort_sea,mean_sea_level_pressure,era5_msl_buffer,300,event_minus_background_specificity,"-1,0","-10,-7,-5",same source major_severe local events,source_event_id,1000,separately within each source_region across wrong-region × buffer × variable tests,outputs/controls/wrong_region_control_statistical.csv,source=laptev_sea;wrong=beaufort_sea;variable=era5_msl_buffer;buffer_km=300
WRONG_314,wrong_region_control,primary,laptev_sea,beaufort_sea,zonal_wind_u10,era5_u10_buffer,300,event_minus_background_specificity,"-1,0","-10,-7,-5",same source major_severe local events,source_event_id,1000,separately within each source_region across wrong-region × buffer × variable tests,outputs/controls/wrong_region_control_statistical.csv,source=laptev_sea;wrong=beaufort_sea;variable=era5_u10_buffer;buffer_km=300
WRONG_315,wrong_region_control,primary,laptev_sea,beaufort_sea,meridional_wind_v10,era5_v10_buffer,300,event_minus_background_specificity,"-1,0","-10,-7,-5",same source major_severe local events,source_event_id,1000,separately within each source_region across wrong-region × buffer × variable tests,outputs/controls/wrong_region_control_statistical.csv,source=laptev_sea;wrong=beaufort_sea;variable=era5_v10_buffer;buffer_km=300
WRONG_316,wrong_region_control,primary,laptev_sea,beaufort_sea,wind_speed_10m,era5_wspd10_buffer,300,event_minus_background_specificity,"-1,0","-10,-7,-5",same source major_severe local events,source_event_id,1000,separately within each source_region across wrong-region × buffer × variable tests,outputs/controls/wrong_region_control_statistical.csv,source=laptev_sea;wrong=beaufort_sea;variable=era5_wspd10_buffer;buffer_km=300
WRONG_317,wrong_region_control,primary,laptev_sea,beaufort_sea,sic_change_5d,sic_change_5d_buffer,300,event_minus_background_specificity,"-1,0","-10,-7,-5",same source major_severe local events,source_event_id,1000,separately within each source_region across wrong-region × buffer × variable tests,outputs/controls/wrong_region_control_statistical.csv,source=laptev_sea;wrong=beaufort_sea;variable=sic_change_5d_buffer;buffer_km=300
WRONG_318,wrong_region_control,primary,laptev_sea,beaufort_sea,sic_state,sic_mean_buffer,300,event_minus_background_specificity,"-1,0","-10,-7,-5",same source major_severe local events,source_event_id,1000,separately within each source_region across wrong-region × buffer × variable tests,outputs/controls/wrong_region_control_statistical.csv,source=laptev_sea;wrong=beaufort_sea;variable=sic_mean_buffer;buffer_km=300
WRONG_319,wrong_region_control,primary,laptev_sea,beaufort_sea,mean_sea_level_pressure,era5_msl_buffer,500,event_minus_background_specificity,"-1,0","-10,-7,-5",same source major_severe local events,source_event_id,1000,separately within each source_region across wrong-region × buffer × variable tests,outputs/controls/wrong_region_control_statistical.csv,source=laptev_sea;wrong=beaufort_sea;variable=era5_msl_buffer;buffer_km=500
WRONG_320,wrong_region_control,primary,laptev_sea,beaufort_sea,zonal_wind_u10,era5_u10_buffer,500,event_minus_background_specificity,"-1,0","-10,-7,-5",same source major_severe local events,source_event_id,1000,separately within each source_region across wrong-region × buffer × variable tests,outputs/controls/wrong_region_control_statistical.csv,source=laptev_sea;wrong=beaufort_sea;variable=era5_u10_buffer;buffer_km=500
WRONG_321,wrong_region_control,primary,laptev_sea,beaufort_sea,meridional_wind_v10,era5_v10_buffer,500,event_minus_background_specificity,"-1,0","-10,-7,-5",same source major_severe local events,source_event_id,1000,separately within each source_region across wrong-region × buffer × variable tests,outputs/controls/wrong_region_control_statistical.csv,source=laptev_sea;wrong=beaufort_sea;variable=era5_v10_buffer;buffer_km=500
WRONG_322,wrong_region_control,primary,laptev_sea,beaufort_sea,wind_speed_10m,era5_wspd10_buffer,500,event_minus_background_specificity,"-1,0","-10,-7,-5",same source major_severe local events,source_event_id,1000,separately within each source_region across wrong-region × buffer × variable tests,outputs/controls/wrong_region_control_statistical.csv,source=laptev_sea;wrong=beaufort_sea;variable=era5_wspd10_buffer;buffer_km=500
WRONG_323,wrong_region_control,primary,laptev_sea,beaufort_sea,sic_change_5d,sic_change_5d_buffer,500,event_minus_background_specificity,"-1,0","-10,-7,-5",same source major_severe local events,source_event_id,1000,separately within each source_region across wrong-region × buffer × variable tests,outputs/controls/wrong_region_control_statistical.csv,source=laptev_sea;wrong=beaufort_sea;variable=sic_change_5d_buffer;buffer_km=500
WRONG_324,wrong_region_control,primary,laptev_sea,beaufort_sea,sic_state,sic_mean_buffer,500,event_minus_background_specificity,"-1,0","-10,-7,-5",same source major_severe local events,source_event_id,1000,separately within each source_region across wrong-region × buffer × variable tests,outputs/controls/wrong_region_control_statistical.csv,source=laptev_sea;wrong=beaufort_sea;variable=sic_mean_buffer;buffer_km=500
WRONG_325,wrong_region_control,primary,laptev_sea,central_arctic,mean_sea_level_pressure,era5_msl_buffer,100,event_minus_background_specificity,"-1,0","-10,-7,-5",same source major_severe local events,source_event_id,1000,separately within each source_region across wrong-region × buffer × variable tests,outputs/controls/wrong_region_control_statistical.csv,source=laptev_sea;wrong=central_arctic;variable=era5_msl_buffer;buffer_km=100
WRONG_326,wrong_region_control,primary,laptev_sea,central_arctic,zonal_wind_u10,era5_u10_buffer,100,event_minus_background_specificity,"-1,0","-10,-7,-5",same source major_severe local events,source_event_id,1000,separately within each source_region across wrong-region × buffer × variable tests,outputs/controls/wrong_region_control_statistical.csv,source=laptev_sea;wrong=central_arctic;variable=era5_u10_buffer;buffer_km=100
WRONG_327,wrong_region_control,primary,laptev_sea,central_arctic,meridional_wind_v10,era5_v10_buffer,100,event_minus_background_specificity,"-1,0","-10,-7,-5",same source major_severe local events,source_event_id,1000,separately within each source_region across wrong-region × buffer × variable tests,outputs/controls/wrong_region_control_statistical.csv,source=laptev_sea;wrong=central_arctic;variable=era5_v10_buffer;buffer_km=100
WRONG_328,wrong_region_control,primary,laptev_sea,central_arctic,wind_speed_10m,era5_wspd10_buffer,100,event_minus_background_specificity,"-1,0","-10,-7,-5",same source major_severe local events,source_event_id,1000,separately within each source_region across wrong-region × buffer × variable tests,outputs/controls/wrong_region_control_statistical.csv,source=laptev_sea;wrong=central_arctic;variable=era5_wspd10_buffer;buffer_km=100
WRONG_329,wrong_region_control,primary,laptev_sea,central_arctic,sic_change_5d,sic_change_5d_buffer,100,event_minus_background_specificity,"-1,0","-10,-7,-5",same source major_severe local events,source_event_id,1000,separately within each source_region across wrong-region × buffer × variable tests,outputs/controls/wrong_region_control_statistical.csv,source=laptev_sea;wrong=central_arctic;variable=sic_change_5d_buffer;buffer_km=100
WRONG_330,wrong_region_control,primary,laptev_sea,central_arctic,sic_state,sic_mean_buffer,100,event_minus_background_specificity,"-1,0","-10,-7,-5",same source major_severe local events,source_event_id,1000,separately within each source_region across wrong-region × buffer × variable tests,outputs/controls/wrong_region_control_statistical.csv,source=laptev_sea;wrong=central_arctic;variable=sic_mean_buffer;buffer_km=100
WRONG_331,wrong_region_control,primary,laptev_sea,central_arctic,mean_sea_level_pressure,era5_msl_buffer,300,event_minus_background_specificity,"-1,0","-10,-7,-5",same source major_severe local events,source_event_id,1000,separately within each source_region across wrong-region × buffer × variable tests,outputs/controls/wrong_region_control_statistical.csv,source=laptev_sea;wrong=central_arctic;variable=era5_msl_buffer;buffer_km=300
WRONG_332,wrong_region_control,primary,laptev_sea,central_arctic,zonal_wind_u10,era5_u10_buffer,300,event_minus_background_specificity,"-1,0","-10,-7,-5",same source major_severe local events,source_event_id,1000,separately within each source_region across wrong-region × buffer × variable tests,outputs/controls/wrong_region_control_statistical.csv,source=laptev_sea;wrong=central_arctic;variable=era5_u10_buffer;buffer_km=300
WRONG_333,wrong_region_control,primary,laptev_sea,central_arctic,meridional_wind_v10,era5_v10_buffer,300,event_minus_background_specificity,"-1,0","-10,-7,-5",same source major_severe local events,source_event_id,1000,separately within each source_region across wrong-region × buffer × variable tests,outputs/controls/wrong_region_control_statistical.csv,source=laptev_sea;wrong=central_arctic;variable=era5_v10_buffer;buffer_km=300
WRONG_334,wrong_region_control,primary,laptev_sea,central_arctic,wind_speed_10m,era5_wspd10_buffer,300,event_minus_background_specificity,"-1,0","-10,-7,-5",same source major_severe local events,source_event_id,1000,separately within each source_region across wrong-region × buffer × variable tests,outputs/controls/wrong_region_control_statistical.csv,source=laptev_sea;wrong=central_arctic;variable=era5_wspd10_buffer;buffer_km=300
WRONG_335,wrong_region_control,primary,laptev_sea,central_arctic,sic_change_5d,sic_change_5d_buffer,300,event_minus_background_specificity,"-1,0","-10,-7,-5",same source major_severe local events,source_event_id,1000,separately within each source_region across wrong-region × buffer × variable tests,outputs/controls/wrong_region_control_statistical.csv,source=laptev_sea;wrong=central_arctic;variable=sic_change_5d_buffer;buffer_km=300
WRONG_336,wrong_region_control,primary,laptev_sea,central_arctic,sic_state,sic_mean_buffer,300,event_minus_background_specificity,"-1,0","-10,-7,-5",same source major_severe local events,source_event_id,1000,separately within each source_region across wrong-region × buffer × variable tests,outputs/controls/wrong_region_control_statistical.csv,source=laptev_sea;wrong=central_arctic;variable=sic_mean_buffer;buffer_km=300
WRONG_337,wrong_region_control,primary,laptev_sea,central_arctic,mean_sea_level_pressure,era5_msl_buffer,500,event_minus_background_specificity,"-1,0","-10,-7,-5",same source major_severe local events,source_event_id,1000,separately within each source_region across wrong-region × buffer × variable tests,outputs/controls/wrong_region_control_statistical.csv,source=laptev_sea;wrong=central_arctic;variable=era5_msl_buffer;buffer_km=500
WRONG_338,wrong_region_control,primary,laptev_sea,central_arctic,zonal_wind_u10,era5_u10_buffer,500,event_minus_background_specificity,"-1,0","-10,-7,-5",same source major_severe local events,source_event_id,1000,separately within each source_region across wrong-region × buffer × variable tests,outputs/controls/wrong_region_control_statistical.csv,source=laptev_sea;wrong=central_arctic;variable=era5_u10_buffer;buffer_km=500
WRONG_339,wrong_region_control,primary,laptev_sea,central_arctic,meridional_wind_v10,era5_v10_buffer,500,event_minus_background_specificity,"-1,0","-10,-7,-5",same source major_severe local events,source_event_id,1000,separately within each source_region across wrong-region × buffer × variable tests,outputs/controls/wrong_region_control_statistical.csv,source=laptev_sea;wrong=central_arctic;variable=era5_v10_buffer;buffer_km=500
WRONG_340,wrong_region_control,primary,laptev_sea,central_arctic,wind_speed_10m,era5_wspd10_buffer,500,event_minus_background_specificity,"-1,0","-10,-7,-5",same source major_severe local events,source_event_id,1000,separately within each source_region across wrong-region × buffer × variable tests,outputs/controls/wrong_region_control_statistical.csv,source=laptev_sea;wrong=central_arctic;variable=era5_wspd10_buffer;buffer_km=500
WRONG_341,wrong_region_control,primary,laptev_sea,central_arctic,sic_change_5d,sic_change_5d_buffer,500,event_minus_background_specificity,"-1,0","-10,-7,-5",same source major_severe local events,source_event_id,1000,separately within each source_region across wrong-region × buffer × variable tests,outputs/controls/wrong_region_control_statistical.csv,source=laptev_sea;wrong=central_arctic;variable=sic_change_5d_buffer;buffer_km=500
WRONG_342,wrong_region_control,primary,laptev_sea,central_arctic,sic_state,sic_mean_buffer,500,event_minus_background_specificity,"-1,0","-10,-7,-5",same source major_severe local events,source_event_id,1000,separately within each source_region across wrong-region × buffer × variable tests,outputs/controls/wrong_region_control_statistical.csv,source=laptev_sea;wrong=central_arctic;variable=sic_mean_buffer;buffer_km=500
WRONG_343,wrong_region_control,primary,laptev_sea,kara_sea,mean_sea_level_pressure,era5_msl_buffer,100,event_minus_background_specificity,"-1,0","-10,-7,-5",same source major_severe local events,source_event_id,1000,separately within each source_region across wrong-region × buffer × variable tests,outputs/controls/wrong_region_control_statistical.csv,source=laptev_sea;wrong=kara_sea;variable=era5_msl_buffer;buffer_km=100
WRONG_344,wrong_region_control,primary,laptev_sea,kara_sea,zonal_wind_u10,era5_u10_buffer,100,event_minus_background_specificity,"-1,0","-10,-7,-5",same source major_severe local events,source_event_id,1000,separately within each source_region across wrong-region × buffer × variable tests,outputs/controls/wrong_region_control_statistical.csv,source=laptev_sea;wrong=kara_sea;variable=era5_u10_buffer;buffer_km=100
WRONG_345,wrong_region_control,primary,laptev_sea,kara_sea,meridional_wind_v10,era5_v10_buffer,100,event_minus_background_specificity,"-1,0","-10,-7,-5",same source major_severe local events,source_event_id,1000,separately within each source_region across wrong-region × buffer × variable tests,outputs/controls/wrong_region_control_statistical.csv,source=laptev_sea;wrong=kara_sea;variable=era5_v10_buffer;buffer_km=100
WRONG_346,wrong_region_control,primary,laptev_sea,kara_sea,wind_speed_10m,era5_wspd10_buffer,100,event_minus_background_specificity,"-1,0","-10,-7,-5",same source major_severe local events,source_event_id,1000,separately within each source_region across wrong-region × buffer × variable tests,outputs/controls/wrong_region_control_statistical.csv,source=laptev_sea;wrong=kara_sea;variable=era5_wspd10_buffer;buffer_km=100
WRONG_347,wrong_region_control,primary,laptev_sea,kara_sea,sic_change_5d,sic_change_5d_buffer,100,event_minus_background_specificity,"-1,0","-10,-7,-5",same source major_severe local events,source_event_id,1000,separately within each source_region across wrong-region × buffer × variable tests,outputs/controls/wrong_region_control_statistical.csv,source=laptev_sea;wrong=kara_sea;variable=sic_change_5d_buffer;buffer_km=100
WRONG_348,wrong_region_control,primary,laptev_sea,kara_sea,sic_state,sic_mean_buffer,100,event_minus_background_specificity,"-1,0","-10,-7,-5",same source major_severe local events,source_event_id,1000,separately within each source_region across wrong-region × buffer × variable tests,outputs/controls/wrong_region_control_statistical.csv,source=laptev_sea;wrong=kara_sea;variable=sic_mean_buffer;buffer_km=100
WRONG_349,wrong_region_control,primary,laptev_sea,kara_sea,mean_sea_level_pressure,era5_msl_buffer,300,event_minus_background_specificity,"-1,0","-10,-7,-5",same source major_severe local events,source_event_id,1000,separately within each source_region across wrong-region × buffer × variable tests,outputs/controls/wrong_region_control_statistical.csv,source=laptev_sea;wrong=kara_sea;variable=era5_msl_buffer;buffer_km=300
WRONG_350,wrong_region_control,primary,laptev_sea,kara_sea,zonal_wind_u10,era5_u10_buffer,300,event_minus_background_specificity,"-1,0","-10,-7,-5",same source major_severe local events,source_event_id,1000,separately within each source_region across wrong-region × buffer × variable tests,outputs/controls/wrong_region_control_statistical.csv,source=laptev_sea;wrong=kara_sea;variable=era5_u10_buffer;buffer_km=300
WRONG_351,wrong_region_control,primary,laptev_sea,kara_sea,meridional_wind_v10,era5_v10_buffer,300,event_minus_background_specificity,"-1,0","-10,-7,-5",same source major_severe local events,source_event_id,1000,separately within each source_region across wrong-region × buffer × variable tests,outputs/controls/wrong_region_control_statistical.csv,source=laptev_sea;wrong=kara_sea;variable=era5_v10_buffer;buffer_km=300
WRONG_352,wrong_region_control,primary,laptev_sea,kara_sea,wind_speed_10m,era5_wspd10_buffer,300,event_minus_background_specificity,"-1,0","-10,-7,-5",same source major_severe local events,source_event_id,1000,separately within each source_region across wrong-region × buffer × variable tests,outputs/controls/wrong_region_control_statistical.csv,source=laptev_sea;wrong=kara_sea;variable=era5_wspd10_buffer;buffer_km=300
WRONG_353,wrong_region_control,primary,laptev_sea,kara_sea,sic_change_5d,sic_change_5d_buffer,300,event_minus_background_specificity,"-1,0","-10,-7,-5",same source major_severe local events,source_event_id,1000,separately within each source_region across wrong-region × buffer × variable tests,outputs/controls/wrong_region_control_statistical.csv,source=laptev_sea;wrong=kara_sea;variable=sic_change_5d_buffer;buffer_km=300
WRONG_354,wrong_region_control,primary,laptev_sea,kara_sea,sic_state,sic_mean_buffer,300,event_minus_background_specificity,"-1,0","-10,-7,-5",same source major_severe local events,source_event_id,1000,separately within each source_region across wrong-region × buffer × variable tests,outputs/controls/wrong_region_control_statistical.csv,source=laptev_sea;wrong=kara_sea;variable=sic_mean_buffer;buffer_km=300
WRONG_355,wrong_region_control,primary,laptev_sea,kara_sea,mean_sea_level_pressure,era5_msl_buffer,500,event_minus_background_specificity,"-1,0","-10,-7,-5",same source major_severe local events,source_event_id,1000,separately within each source_region across wrong-region × buffer × variable tests,outputs/controls/wrong_region_control_statistical.csv,source=laptev_sea;wrong=kara_sea;variable=era5_msl_buffer;buffer_km=500
WRONG_356,wrong_region_control,primary,laptev_sea,kara_sea,zonal_wind_u10,era5_u10_buffer,500,event_minus_background_specificity,"-1,0","-10,-7,-5",same source major_severe local events,source_event_id,1000,separately within each source_region across wrong-region × buffer × variable tests,outputs/controls/wrong_region_control_statistical.csv,source=laptev_sea;wrong=kara_sea;variable=era5_u10_buffer;buffer_km=500
WRONG_357,wrong_region_control,primary,laptev_sea,kara_sea,meridional_wind_v10,era5_v10_buffer,500,event_minus_background_specificity,"-1,0","-10,-7,-5",same source major_severe local events,source_event_id,1000,separately within each source_region across wrong-region × buffer × variable tests,outputs/controls/wrong_region_control_statistical.csv,source=laptev_sea;wrong=kara_sea;variable=era5_v10_buffer;buffer_km=500
WRONG_358,wrong_region_control,primary,laptev_sea,kara_sea,wind_speed_10m,era5_wspd10_buffer,500,event_minus_background_specificity,"-1,0","-10,-7,-5",same source major_severe local events,source_event_id,1000,separately within each source_region across wrong-region × buffer × variable tests,outputs/controls/wrong_region_control_statistical.csv,source=laptev_sea;wrong=kara_sea;variable=era5_wspd10_buffer;buffer_km=500
WRONG_359,wrong_region_control,primary,laptev_sea,kara_sea,sic_change_5d,sic_change_5d_buffer,500,event_minus_background_specificity,"-1,0","-10,-7,-5",same source major_severe local events,source_event_id,1000,separately within each source_region across wrong-region × buffer × variable tests,outputs/controls/wrong_region_control_statistical.csv,source=laptev_sea;wrong=kara_sea;variable=sic_change_5d_buffer;buffer_km=500
WRONG_360,wrong_region_control,primary,laptev_sea,kara_sea,sic_state,sic_mean_buffer,500,event_minus_background_specificity,"-1,0","-10,-7,-5",same source major_severe local events,source_event_id,1000,separately within each source_region across wrong-region × buffer × variable tests,outputs/controls/wrong_region_control_statistical.csv,source=laptev_sea;wrong=kara_sea;variable=sic_mean_buffer;buffer_km=500
YEAR_001,year_block_robustness,confirmation,barents_sea,,mean_sea_level_pressure,era5_msl_buffer,100,event_minus_background,"-1,0","-10,-7,-5",major_severe local events grouped by event year,event year block,1000,not_applicable_confirmation_only,outputs/controls/year_block_bootstrap_summary.csv,region=barents_sea;variable=era5_msl_buffer;buffer_km=100
YEAR_002,year_block_robustness,confirmation,barents_sea,,zonal_wind_u10,era5_u10_buffer,100,event_minus_background,"-1,0","-10,-7,-5",major_severe local events grouped by event year,event year block,1000,not_applicable_confirmation_only,outputs/controls/year_block_bootstrap_summary.csv,region=barents_sea;variable=era5_u10_buffer;buffer_km=100
YEAR_003,year_block_robustness,confirmation,barents_sea,,meridional_wind_v10,era5_v10_buffer,100,event_minus_background,"-1,0","-10,-7,-5",major_severe local events grouped by event year,event year block,1000,not_applicable_confirmation_only,outputs/controls/year_block_bootstrap_summary.csv,region=barents_sea;variable=era5_v10_buffer;buffer_km=100
YEAR_004,year_block_robustness,confirmation,barents_sea,,wind_speed_10m,era5_wspd10_buffer,100,event_minus_background,"-1,0","-10,-7,-5",major_severe local events grouped by event year,event year block,1000,not_applicable_confirmation_only,outputs/controls/year_block_bootstrap_summary.csv,region=barents_sea;variable=era5_wspd10_buffer;buffer_km=100
YEAR_005,year_block_robustness,confirmation,barents_sea,,sic_change_5d,sic_change_5d_buffer,100,event_minus_background,"-1,0","-10,-7,-5",major_severe local events grouped by event year,event year block,1000,not_applicable_confirmation_only,outputs/controls/year_block_bootstrap_summary.csv,region=barents_sea;variable=sic_change_5d_buffer;buffer_km=100
YEAR_006,year_block_robustness,confirmation,barents_sea,,sic_state,sic_mean_buffer,100,event_minus_background,"-1,0","-10,-7,-5",major_severe local events grouped by event year,event year block,1000,not_applicable_confirmation_only,outputs/controls/year_block_bootstrap_summary.csv,region=barents_sea;variable=sic_mean_buffer;buffer_km=100
YEAR_007,year_block_robustness,confirmation,barents_sea,,mean_sea_level_pressure,era5_msl_buffer,300,event_minus_background,"-1,0","-10,-7,-5",major_severe local events grouped by event year,event year block,1000,not_applicable_confirmation_only,outputs/controls/year_block_bootstrap_summary.csv,region=barents_sea;variable=era5_msl_buffer;buffer_km=300
YEAR_008,year_block_robustness,confirmation,barents_sea,,zonal_wind_u10,era5_u10_buffer,300,event_minus_background,"-1,0","-10,-7,-5",major_severe local events grouped by event year,event year block,1000,not_applicable_confirmation_only,outputs/controls/year_block_bootstrap_summary.csv,region=barents_sea;variable=era5_u10_buffer;buffer_km=300
YEAR_009,year_block_robustness,confirmation,barents_sea,,meridional_wind_v10,era5_v10_buffer,300,event_minus_background,"-1,0","-10,-7,-5",major_severe local events grouped by event year,event year block,1000,not_applicable_confirmation_only,outputs/controls/year_block_bootstrap_summary.csv,region=barents_sea;variable=era5_v10_buffer;buffer_km=300
YEAR_010,year_block_robustness,confirmation,barents_sea,,wind_speed_10m,era5_wspd10_buffer,300,event_minus_background,"-1,0","-10,-7,-5",major_severe local events grouped by event year,event year block,1000,not_applicable_confirmation_only,outputs/controls/year_block_bootstrap_summary.csv,region=barents_sea;variable=era5_wspd10_buffer;buffer_km=300
YEAR_011,year_block_robustness,confirmation,barents_sea,,sic_change_5d,sic_change_5d_buffer,300,event_minus_background,"-1,0","-10,-7,-5",major_severe local events grouped by event year,event year block,1000,not_applicable_confirmation_only,outputs/controls/year_block_bootstrap_summary.csv,region=barents_sea;variable=sic_change_5d_buffer;buffer_km=300
YEAR_012,year_block_robustness,confirmation,barents_sea,,sic_state,sic_mean_buffer,300,event_minus_background,"-1,0","-10,-7,-5",major_severe local events grouped by event year,event year block,1000,not_applicable_confirmation_only,outputs/controls/year_block_bootstrap_summary.csv,region=barents_sea;variable=sic_mean_buffer;buffer_km=300
YEAR_013,year_block_robustness,confirmation,barents_sea,,mean_sea_level_pressure,era5_msl_buffer,500,event_minus_background,"-1,0","-10,-7,-5",major_severe local events grouped by event year,event year block,1000,not_applicable_confirmation_only,outputs/controls/year_block_bootstrap_summary.csv,region=barents_sea;variable=era5_msl_buffer;buffer_km=500
YEAR_014,year_block_robustness,confirmation,barents_sea,,zonal_wind_u10,era5_u10_buffer,500,event_minus_background,"-1,0","-10,-7,-5",major_severe local events grouped by event year,event year block,1000,not_applicable_confirmation_only,outputs/controls/year_block_bootstrap_summary.csv,region=barents_sea;variable=era5_u10_buffer;buffer_km=500
YEAR_015,year_block_robustness,confirmation,barents_sea,,meridional_wind_v10,era5_v10_buffer,500,event_minus_background,"-1,0","-10,-7,-5",major_severe local events grouped by event year,event year block,1000,not_applicable_confirmation_only,outputs/controls/year_block_bootstrap_summary.csv,region=barents_sea;variable=era5_v10_buffer;buffer_km=500
YEAR_016,year_block_robustness,confirmation,barents_sea,,wind_speed_10m,era5_wspd10_buffer,500,event_minus_background,"-1,0","-10,-7,-5",major_severe local events grouped by event year,event year block,1000,not_applicable_confirmation_only,outputs/controls/year_block_bootstrap_summary.csv,region=barents_sea;variable=era5_wspd10_buffer;buffer_km=500
YEAR_017,year_block_robustness,confirmation,barents_sea,,sic_change_5d,sic_change_5d_buffer,500,event_minus_background,"-1,0","-10,-7,-5",major_severe local events grouped by event year,event year block,1000,not_applicable_confirmation_only,outputs/controls/year_block_bootstrap_summary.csv,region=barents_sea;variable=sic_change_5d_buffer;buffer_km=500
YEAR_018,year_block_robustness,confirmation,barents_sea,,sic_state,sic_mean_buffer,500,event_minus_background,"-1,0","-10,-7,-5",major_severe local events grouped by event year,event year block,1000,not_applicable_confirmation_only,outputs/controls/year_block_bootstrap_summary.csv,region=barents_sea;variable=sic_mean_buffer;buffer_km=500
YEAR_019,year_block_robustness,confirmation,beaufort_sea,,mean_sea_level_pressure,era5_msl_buffer,100,event_minus_background,"-1,0","-10,-7,-5",major_severe local events grouped by event year,event year block,1000,not_applicable_confirmation_only,outputs/controls/year_block_bootstrap_summary.csv,region=beaufort_sea;variable=era5_msl_buffer;buffer_km=100
YEAR_020,year_block_robustness,confirmation,beaufort_sea,,zonal_wind_u10,era5_u10_buffer,100,event_minus_background,"-1,0","-10,-7,-5",major_severe local events grouped by event year,event year block,1000,not_applicable_confirmation_only,outputs/controls/year_block_bootstrap_summary.csv,region=beaufort_sea;variable=era5_u10_buffer;buffer_km=100
YEAR_021,year_block_robustness,confirmation,beaufort_sea,,meridional_wind_v10,era5_v10_buffer,100,event_minus_background,"-1,0","-10,-7,-5",major_severe local events grouped by event year,event year block,1000,not_applicable_confirmation_only,outputs/controls/year_block_bootstrap_summary.csv,region=beaufort_sea;variable=era5_v10_buffer;buffer_km=100
YEAR_022,year_block_robustness,confirmation,beaufort_sea,,wind_speed_10m,era5_wspd10_buffer,100,event_minus_background,"-1,0","-10,-7,-5",major_severe local events grouped by event year,event year block,1000,not_applicable_confirmation_only,outputs/controls/year_block_bootstrap_summary.csv,region=beaufort_sea;variable=era5_wspd10_buffer;buffer_km=100
YEAR_023,year_block_robustness,confirmation,beaufort_sea,,sic_change_5d,sic_change_5d_buffer,100,event_minus_background,"-1,0","-10,-7,-5",major_severe local events grouped by event year,event year block,1000,not_applicable_confirmation_only,outputs/controls/year_block_bootstrap_summary.csv,region=beaufort_sea;variable=sic_change_5d_buffer;buffer_km=100
YEAR_024,year_block_robustness,confirmation,beaufort_sea,,sic_state,sic_mean_buffer,100,event_minus_background,"-1,0","-10,-7,-5",major_severe local events grouped by event year,event year block,1000,not_applicable_confirmation_only,outputs/controls/year_block_bootstrap_summary.csv,region=beaufort_sea;variable=sic_mean_buffer;buffer_km=100
YEAR_025,year_block_robustness,confirmation,beaufort_sea,,mean_sea_level_pressure,era5_msl_buffer,300,event_minus_background,"-1,0","-10,-7,-5",major_severe local events grouped by event year,event year block,1000,not_applicable_confirmation_only,outputs/controls/year_block_bootstrap_summary.csv,region=beaufort_sea;variable=era5_msl_buffer;buffer_km=300
YEAR_026,year_block_robustness,confirmation,beaufort_sea,,zonal_wind_u10,era5_u10_buffer,300,event_minus_background,"-1,0","-10,-7,-5",major_severe local events grouped by event year,event year block,1000,not_applicable_confirmation_only,outputs/controls/year_block_bootstrap_summary.csv,region=beaufort_sea;variable=era5_u10_buffer;buffer_km=300
YEAR_027,year_block_robustness,confirmation,beaufort_sea,,meridional_wind_v10,era5_v10_buffer,300,event_minus_background,"-1,0","-10,-7,-5",major_severe local events grouped by event year,event year block,1000,not_applicable_confirmation_only,outputs/controls/year_block_bootstrap_summary.csv,region=beaufort_sea;variable=era5_v10_buffer;buffer_km=300
YEAR_028,year_block_robustness,confirmation,beaufort_sea,,wind_speed_10m,era5_wspd10_buffer,300,event_minus_background,"-1,0","-10,-7,-5",major_severe local events grouped by event year,event year block,1000,not_applicable_confirmation_only,outputs/controls/year_block_bootstrap_summary.csv,region=beaufort_sea;variable=era5_wspd10_buffer;buffer_km=300
YEAR_029,year_block_robustness,confirmation,beaufort_sea,,sic_change_5d,sic_change_5d_buffer,300,event_minus_background,"-1,0","-10,-7,-5",major_severe local events grouped by event year,event year block,1000,not_applicable_confirmation_only,outputs/controls/year_block_bootstrap_summary.csv,region=beaufort_sea;variable=sic_change_5d_buffer;buffer_km=300
YEAR_030,year_block_robustness,confirmation,beaufort_sea,,sic_state,sic_mean_buffer,300,event_minus_background,"-1,0","-10,-7,-5",major_severe local events grouped by event year,event year block,1000,not_applicable_confirmation_only,outputs/controls/year_block_bootstrap_summary.csv,region=beaufort_sea;variable=sic_mean_buffer;buffer_km=300
YEAR_031,year_block_robustness,confirmation,beaufort_sea,,mean_sea_level_pressure,era5_msl_buffer,500,event_minus_background,"-1,0","-10,-7,-5",major_severe local events grouped by event year,event year block,1000,not_applicable_confirmation_only,outputs/controls/year_block_bootstrap_summary.csv,region=beaufort_sea;variable=era5_msl_buffer;buffer_km=500
YEAR_032,year_block_robustness,confirmation,beaufort_sea,,zonal_wind_u10,era5_u10_buffer,500,event_minus_background,"-1,0","-10,-7,-5",major_severe local events grouped by event year,event year block,1000,not_applicable_confirmation_only,outputs/controls/year_block_bootstrap_summary.csv,region=beaufort_sea;variable=era5_u10_buffer;buffer_km=500
YEAR_033,year_block_robustness,confirmation,beaufort_sea,,meridional_wind_v10,era5_v10_buffer,500,event_minus_background,"-1,0","-10,-7,-5",major_severe local events grouped by event year,event year block,1000,not_applicable_confirmation_only,outputs/controls/year_block_bootstrap_summary.csv,region=beaufort_sea;variable=era5_v10_buffer;buffer_km=500
YEAR_034,year_block_robustness,confirmation,beaufort_sea,,wind_speed_10m,era5_wspd10_buffer,500,event_minus_background,"-1,0","-10,-7,-5",major_severe local events grouped by event year,event year block,1000,not_applicable_confirmation_only,outputs/controls/year_block_bootstrap_summary.csv,region=beaufort_sea;variable=era5_wspd10_buffer;buffer_km=500
YEAR_035,year_block_robustness,confirmation,beaufort_sea,,sic_change_5d,sic_change_5d_buffer,500,event_minus_background,"-1,0","-10,-7,-5",major_severe local events grouped by event year,event year block,1000,not_applicable_confirmation_only,outputs/controls/year_block_bootstrap_summary.csv,region=beaufort_sea;variable=sic_change_5d_buffer;buffer_km=500
YEAR_036,year_block_robustness,confirmation,beaufort_sea,,sic_state,sic_mean_buffer,500,event_minus_background,"-1,0","-10,-7,-5",major_severe local events grouped by event year,event year block,1000,not_applicable_confirmation_only,outputs/controls/year_block_bootstrap_summary.csv,region=beaufort_sea;variable=sic_mean_buffer;buffer_km=500
YEAR_037,year_block_robustness,confirmation,central_arctic,,mean_sea_level_pressure,era5_msl_buffer,100,event_minus_background,"-1,0","-10,-7,-5",major_severe local events grouped by event year,event year block,1000,not_applicable_confirmation_only,outputs/controls/year_block_bootstrap_summary.csv,region=central_arctic;variable=era5_msl_buffer;buffer_km=100
YEAR_038,year_block_robustness,confirmation,central_arctic,,zonal_wind_u10,era5_u10_buffer,100,event_minus_background,"-1,0","-10,-7,-5",major_severe local events grouped by event year,event year block,1000,not_applicable_confirmation_only,outputs/controls/year_block_bootstrap_summary.csv,region=central_arctic;variable=era5_u10_buffer;buffer_km=100
YEAR_039,year_block_robustness,confirmation,central_arctic,,meridional_wind_v10,era5_v10_buffer,100,event_minus_background,"-1,0","-10,-7,-5",major_severe local events grouped by event year,event year block,1000,not_applicable_confirmation_only,outputs/controls/year_block_bootstrap_summary.csv,region=central_arctic;variable=era5_v10_buffer;buffer_km=100
YEAR_040,year_block_robustness,confirmation,central_arctic,,wind_speed_10m,era5_wspd10_buffer,100,event_minus_background,"-1,0","-10,-7,-5",major_severe local events grouped by event year,event year block,1000,not_applicable_confirmation_only,outputs/controls/year_block_bootstrap_summary.csv,region=central_arctic;variable=era5_wspd10_buffer;buffer_km=100
YEAR_041,year_block_robustness,confirmation,central_arctic,,sic_change_5d,sic_change_5d_buffer,100,event_minus_background,"-1,0","-10,-7,-5",major_severe local events grouped by event year,event year block,1000,not_applicable_confirmation_only,outputs/controls/year_block_bootstrap_summary.csv,region=central_arctic;variable=sic_change_5d_buffer;buffer_km=100
YEAR_042,year_block_robustness,confirmation,central_arctic,,sic_state,sic_mean_buffer,100,event_minus_background,"-1,0","-10,-7,-5",major_severe local events grouped by event year,event year block,1000,not_applicable_confirmation_only,outputs/controls/year_block_bootstrap_summary.csv,region=central_arctic;variable=sic_mean_buffer;buffer_km=100
YEAR_043,year_block_robustness,confirmation,central_arctic,,mean_sea_level_pressure,era5_msl_buffer,300,event_minus_background,"-1,0","-10,-7,-5",major_severe local events grouped by event year,event year block,1000,not_applicable_confirmation_only,outputs/controls/year_block_bootstrap_summary.csv,region=central_arctic;variable=era5_msl_buffer;buffer_km=300
YEAR_044,year_block_robustness,confirmation,central_arctic,,zonal_wind_u10,era5_u10_buffer,300,event_minus_background,"-1,0","-10,-7,-5",major_severe local events grouped by event year,event year block,1000,not_applicable_confirmation_only,outputs/controls/year_block_bootstrap_summary.csv,region=central_arctic;variable=era5_u10_buffer;buffer_km=300
YEAR_045,year_block_robustness,confirmation,central_arctic,,meridional_wind_v10,era5_v10_buffer,300,event_minus_background,"-1,0","-10,-7,-5",major_severe local events grouped by event year,event year block,1000,not_applicable_confirmation_only,outputs/controls/year_block_bootstrap_summary.csv,region=central_arctic;variable=era5_v10_buffer;buffer_km=300
YEAR_046,year_block_robustness,confirmation,central_arctic,,wind_speed_10m,era5_wspd10_buffer,300,event_minus_background,"-1,0","-10,-7,-5",major_severe local events grouped by event year,event year block,1000,not_applicable_confirmation_only,outputs/controls/year_block_bootstrap_summary.csv,region=central_arctic;variable=era5_wspd10_buffer;buffer_km=300
YEAR_047,year_block_robustness,confirmation,central_arctic,,sic_change_5d,sic_change_5d_buffer,300,event_minus_background,"-1,0","-10,-7,-5",major_severe local events grouped by event year,event year block,1000,not_applicable_confirmation_only,outputs/controls/year_block_bootstrap_summary.csv,region=central_arctic;variable=sic_change_5d_buffer;buffer_km=300
YEAR_048,year_block_robustness,confirmation,central_arctic,,sic_state,sic_mean_buffer,300,event_minus_background,"-1,0","-10,-7,-5",major_severe local events grouped by event year,event year block,1000,not_applicable_confirmation_only,outputs/controls/year_block_bootstrap_summary.csv,region=central_arctic;variable=sic_mean_buffer;buffer_km=300
YEAR_049,year_block_robustness,confirmation,central_arctic,,mean_sea_level_pressure,era5_msl_buffer,500,event_minus_background,"-1,0","-10,-7,-5",major_severe local events grouped by event year,event year block,1000,not_applicable_confirmation_only,outputs/controls/year_block_bootstrap_summary.csv,region=central_arctic;variable=era5_msl_buffer;buffer_km=500
YEAR_050,year_block_robustness,confirmation,central_arctic,,zonal_wind_u10,era5_u10_buffer,500,event_minus_background,"-1,0","-10,-7,-5",major_severe local events grouped by event year,event year block,1000,not_applicable_confirmation_only,outputs/controls/year_block_bootstrap_summary.csv,region=central_arctic;variable=era5_u10_buffer;buffer_km=500
YEAR_051,year_block_robustness,confirmation,central_arctic,,meridional_wind_v10,era5_v10_buffer,500,event_minus_background,"-1,0","-10,-7,-5",major_severe local events grouped by event year,event year block,1000,not_applicable_confirmation_only,outputs/controls/year_block_bootstrap_summary.csv,region=central_arctic;variable=era5_v10_buffer;buffer_km=500
YEAR_052,year_block_robustness,confirmation,central_arctic,,wind_speed_10m,era5_wspd10_buffer,500,event_minus_background,"-1,0","-10,-7,-5",major_severe local events grouped by event year,event year block,1000,not_applicable_confirmation_only,outputs/controls/year_block_bootstrap_summary.csv,region=central_arctic;variable=era5_wspd10_buffer;buffer_km=500
YEAR_053,year_block_robustness,confirmation,central_arctic,,sic_change_5d,sic_change_5d_buffer,500,event_minus_background,"-1,0","-10,-7,-5",major_severe local events grouped by event year,event year block,1000,not_applicable_confirmation_only,outputs/controls/year_block_bootstrap_summary.csv,region=central_arctic;variable=sic_change_5d_buffer;buffer_km=500
YEAR_054,year_block_robustness,confirmation,central_arctic,,sic_state,sic_mean_buffer,500,event_minus_background,"-1,0","-10,-7,-5",major_severe local events grouped by event year,event year block,1000,not_applicable_confirmation_only,outputs/controls/year_block_bootstrap_summary.csv,region=central_arctic;variable=sic_mean_buffer;buffer_km=500
YEAR_055,year_block_robustness,confirmation,kara_sea,,mean_sea_level_pressure,era5_msl_buffer,100,event_minus_background,"-1,0","-10,-7,-5",major_severe local events grouped by event year,event year block,1000,not_applicable_confirmation_only,outputs/controls/year_block_bootstrap_summary.csv,region=kara_sea;variable=era5_msl_buffer;buffer_km=100
YEAR_056,year_block_robustness,confirmation,kara_sea,,zonal_wind_u10,era5_u10_buffer,100,event_minus_background,"-1,0","-10,-7,-5",major_severe local events grouped by event year,event year block,1000,not_applicable_confirmation_only,outputs/controls/year_block_bootstrap_summary.csv,region=kara_sea;variable=era5_u10_buffer;buffer_km=100
YEAR_057,year_block_robustness,confirmation,kara_sea,,meridional_wind_v10,era5_v10_buffer,100,event_minus_background,"-1,0","-10,-7,-5",major_severe local events grouped by event year,event year block,1000,not_applicable_confirmation_only,outputs/controls/year_block_bootstrap_summary.csv,region=kara_sea;variable=era5_v10_buffer;buffer_km=100
YEAR_058,year_block_robustness,confirmation,kara_sea,,wind_speed_10m,era5_wspd10_buffer,100,event_minus_background,"-1,0","-10,-7,-5",major_severe local events grouped by event year,event year block,1000,not_applicable_confirmation_only,outputs/controls/year_block_bootstrap_summary.csv,region=kara_sea;variable=era5_wspd10_buffer;buffer_km=100
YEAR_059,year_block_robustness,confirmation,kara_sea,,sic_change_5d,sic_change_5d_buffer,100,event_minus_background,"-1,0","-10,-7,-5",major_severe local events grouped by event year,event year block,1000,not_applicable_confirmation_only,outputs/controls/year_block_bootstrap_summary.csv,region=kara_sea;variable=sic_change_5d_buffer;buffer_km=100
YEAR_060,year_block_robustness,confirmation,kara_sea,,sic_state,sic_mean_buffer,100,event_minus_background,"-1,0","-10,-7,-5",major_severe local events grouped by event year,event year block,1000,not_applicable_confirmation_only,outputs/controls/year_block_bootstrap_summary.csv,region=kara_sea;variable=sic_mean_buffer;buffer_km=100
YEAR_061,year_block_robustness,confirmation,kara_sea,,mean_sea_level_pressure,era5_msl_buffer,300,event_minus_background,"-1,0","-10,-7,-5",major_severe local events grouped by event year,event year block,1000,not_applicable_confirmation_only,outputs/controls/year_block_bootstrap_summary.csv,region=kara_sea;variable=era5_msl_buffer;buffer_km=300
YEAR_062,year_block_robustness,confirmation,kara_sea,,zonal_wind_u10,era5_u10_buffer,300,event_minus_background,"-1,0","-10,-7,-5",major_severe local events grouped by event year,event year block,1000,not_applicable_confirmation_only,outputs/controls/year_block_bootstrap_summary.csv,region=kara_sea;variable=era5_u10_buffer;buffer_km=300
YEAR_063,year_block_robustness,confirmation,kara_sea,,meridional_wind_v10,era5_v10_buffer,300,event_minus_background,"-1,0","-10,-7,-5",major_severe local events grouped by event year,event year block,1000,not_applicable_confirmation_only,outputs/controls/year_block_bootstrap_summary.csv,region=kara_sea;variable=era5_v10_buffer;buffer_km=300
YEAR_064,year_block_robustness,confirmation,kara_sea,,wind_speed_10m,era5_wspd10_buffer,300,event_minus_background,"-1,0","-10,-7,-5",major_severe local events grouped by event year,event year block,1000,not_applicable_confirmation_only,outputs/controls/year_block_bootstrap_summary.csv,region=kara_sea;variable=era5_wspd10_buffer;buffer_km=300
YEAR_065,year_block_robustness,confirmation,kara_sea,,sic_change_5d,sic_change_5d_buffer,300,event_minus_background,"-1,0","-10,-7,-5",major_severe local events grouped by event year,event year block,1000,not_applicable_confirmation_only,outputs/controls/year_block_bootstrap_summary.csv,region=kara_sea;variable=sic_change_5d_buffer;buffer_km=300
YEAR_066,year_block_robustness,confirmation,kara_sea,,sic_state,sic_mean_buffer,300,event_minus_background,"-1,0","-10,-7,-5",major_severe local events grouped by event year,event year block,1000,not_applicable_confirmation_only,outputs/controls/year_block_bootstrap_summary.csv,region=kara_sea;variable=sic_mean_buffer;buffer_km=300
YEAR_067,year_block_robustness,confirmation,kara_sea,,mean_sea_level_pressure,era5_msl_buffer,500,event_minus_background,"-1,0","-10,-7,-5",major_severe local events grouped by event year,event year block,1000,not_applicable_confirmation_only,outputs/controls/year_block_bootstrap_summary.csv,region=kara_sea;variable=era5_msl_buffer;buffer_km=500
YEAR_068,year_block_robustness,confirmation,kara_sea,,zonal_wind_u10,era5_u10_buffer,500,event_minus_background,"-1,0","-10,-7,-5",major_severe local events grouped by event year,event year block,1000,not_applicable_confirmation_only,outputs/controls/year_block_bootstrap_summary.csv,region=kara_sea;variable=era5_u10_buffer;buffer_km=500
YEAR_069,year_block_robustness,confirmation,kara_sea,,meridional_wind_v10,era5_v10_buffer,500,event_minus_background,"-1,0","-10,-7,-5",major_severe local events grouped by event year,event year block,1000,not_applicable_confirmation_only,outputs/controls/year_block_bootstrap_summary.csv,region=kara_sea;variable=era5_v10_buffer;buffer_km=500
YEAR_070,year_block_robustness,confirmation,kara_sea,,wind_speed_10m,era5_wspd10_buffer,500,event_minus_background,"-1,0","-10,-7,-5",major_severe local events grouped by event year,event year block,1000,not_applicable_confirmation_only,outputs/controls/year_block_bootstrap_summary.csv,region=kara_sea;variable=era5_wspd10_buffer;buffer_km=500
YEAR_071,year_block_robustness,confirmation,kara_sea,,sic_change_5d,sic_change_5d_buffer,500,event_minus_background,"-1,0","-10,-7,-5",major_severe local events grouped by event year,event year block,1000,not_applicable_confirmation_only,outputs/controls/year_block_bootstrap_summary.csv,region=kara_sea;variable=sic_change_5d_buffer;buffer_km=500
YEAR_072,year_block_robustness,confirmation,kara_sea,,sic_state,sic_mean_buffer,500,event_minus_background,"-1,0","-10,-7,-5",major_severe local events grouped by event year,event year block,1000,not_applicable_confirmation_only,outputs/controls/year_block_bootstrap_summary.csv,region=kara_sea;variable=sic_mean_buffer;buffer_km=500
YEAR_073,year_block_robustness,confirmation,laptev_sea,,mean_sea_level_pressure,era5_msl_buffer,100,event_minus_background,"-1,0","-10,-7,-5",major_severe local events grouped by event year,event year block,1000,not_applicable_confirmation_only,outputs/controls/year_block_bootstrap_summary.csv,region=laptev_sea;variable=era5_msl_buffer;buffer_km=100
YEAR_074,year_block_robustness,confirmation,laptev_sea,,zonal_wind_u10,era5_u10_buffer,100,event_minus_background,"-1,0","-10,-7,-5",major_severe local events grouped by event year,event year block,1000,not_applicable_confirmation_only,outputs/controls/year_block_bootstrap_summary.csv,region=laptev_sea;variable=era5_u10_buffer;buffer_km=100
YEAR_075,year_block_robustness,confirmation,laptev_sea,,meridional_wind_v10,era5_v10_buffer,100,event_minus_background,"-1,0","-10,-7,-5",major_severe local events grouped by event year,event year block,1000,not_applicable_confirmation_only,outputs/controls/year_block_bootstrap_summary.csv,region=laptev_sea;variable=era5_v10_buffer;buffer_km=100
YEAR_076,year_block_robustness,confirmation,laptev_sea,,wind_speed_10m,era5_wspd10_buffer,100,event_minus_background,"-1,0","-10,-7,-5",major_severe local events grouped by event year,event year block,1000,not_applicable_confirmation_only,outputs/controls/year_block_bootstrap_summary.csv,region=laptev_sea;variable=era5_wspd10_buffer;buffer_km=100
YEAR_077,year_block_robustness,confirmation,laptev_sea,,sic_change_5d,sic_change_5d_buffer,100,event_minus_background,"-1,0","-10,-7,-5",major_severe local events grouped by event year,event year block,1000,not_applicable_confirmation_only,outputs/controls/year_block_bootstrap_summary.csv,region=laptev_sea;variable=sic_change_5d_buffer;buffer_km=100
YEAR_078,year_block_robustness,confirmation,laptev_sea,,sic_state,sic_mean_buffer,100,event_minus_background,"-1,0","-10,-7,-5",major_severe local events grouped by event year,event year block,1000,not_applicable_confirmation_only,outputs/controls/year_block_bootstrap_summary.csv,region=laptev_sea;variable=sic_mean_buffer;buffer_km=100
YEAR_079,year_block_robustness,confirmation,laptev_sea,,mean_sea_level_pressure,era5_msl_buffer,300,event_minus_background,"-1,0","-10,-7,-5",major_severe local events grouped by event year,event year block,1000,not_applicable_confirmation_only,outputs/controls/year_block_bootstrap_summary.csv,region=laptev_sea;variable=era5_msl_buffer;buffer_km=300
YEAR_080,year_block_robustness,confirmation,laptev_sea,,zonal_wind_u10,era5_u10_buffer,300,event_minus_background,"-1,0","-10,-7,-5",major_severe local events grouped by event year,event year block,1000,not_applicable_confirmation_only,outputs/controls/year_block_bootstrap_summary.csv,region=laptev_sea;variable=era5_u10_buffer;buffer_km=300
YEAR_081,year_block_robustness,confirmation,laptev_sea,,meridional_wind_v10,era5_v10_buffer,300,event_minus_background,"-1,0","-10,-7,-5",major_severe local events grouped by event year,event year block,1000,not_applicable_confirmation_only,outputs/controls/year_block_bootstrap_summary.csv,region=laptev_sea;variable=era5_v10_buffer;buffer_km=300
YEAR_082,year_block_robustness,confirmation,laptev_sea,,wind_speed_10m,era5_wspd10_buffer,300,event_minus_background,"-1,0","-10,-7,-5",major_severe local events grouped by event year,event year block,1000,not_applicable_confirmation_only,outputs/controls/year_block_bootstrap_summary.csv,region=laptev_sea;variable=era5_wspd10_buffer;buffer_km=300
YEAR_083,year_block_robustness,confirmation,laptev_sea,,sic_change_5d,sic_change_5d_buffer,300,event_minus_background,"-1,0","-10,-7,-5",major_severe local events grouped by event year,event year block,1000,not_applicable_confirmation_only,outputs/controls/year_block_bootstrap_summary.csv,region=laptev_sea;variable=sic_change_5d_buffer;buffer_km=300
YEAR_084,year_block_robustness,confirmation,laptev_sea,,sic_state,sic_mean_buffer,300,event_minus_background,"-1,0","-10,-7,-5",major_severe local events grouped by event year,event year block,1000,not_applicable_confirmation_only,outputs/controls/year_block_bootstrap_summary.csv,region=laptev_sea;variable=sic_mean_buffer;buffer_km=300
YEAR_085,year_block_robustness,confirmation,laptev_sea,,mean_sea_level_pressure,era5_msl_buffer,500,event_minus_background,"-1,0","-10,-7,-5",major_severe local events grouped by event year,event year block,1000,not_applicable_confirmation_only,outputs/controls/year_block_bootstrap_summary.csv,region=laptev_sea;variable=era5_msl_buffer;buffer_km=500
YEAR_086,year_block_robustness,confirmation,laptev_sea,,zonal_wind_u10,era5_u10_buffer,500,event_minus_background,"-1,0","-10,-7,-5",major_severe local events grouped by event year,event year block,1000,not_applicable_confirmation_only,outputs/controls/year_block_bootstrap_summary.csv,region=laptev_sea;variable=era5_u10_buffer;buffer_km=500
YEAR_087,year_block_robustness,confirmation,laptev_sea,,meridional_wind_v10,era5_v10_buffer,500,event_minus_background,"-1,0","-10,-7,-5",major_severe local events grouped by event year,event year block,1000,not_applicable_confirmation_only,outputs/controls/year_block_bootstrap_summary.csv,region=laptev_sea;variable=era5_v10_buffer;buffer_km=500
YEAR_088,year_block_robustness,confirmation,laptev_sea,,wind_speed_10m,era5_wspd10_buffer,500,event_minus_background,"-1,0","-10,-7,-5",major_severe local events grouped by event year,event year block,1000,not_applicable_confirmation_only,outputs/controls/year_block_bootstrap_summary.csv,region=laptev_sea;variable=era5_wspd10_buffer;buffer_km=500
YEAR_089,year_block_robustness,confirmation,laptev_sea,,sic_change_5d,sic_change_5d_buffer,500,event_minus_background,"-1,0","-10,-7,-5",major_severe local events grouped by event year,event year block,1000,not_applicable_confirmation_only,outputs/controls/year_block_bootstrap_summary.csv,region=laptev_sea;variable=sic_change_5d_buffer;buffer_km=500
YEAR_090,year_block_robustness,confirmation,laptev_sea,,sic_state,sic_mean_buffer,500,event_minus_background,"-1,0","-10,-7,-5",major_severe local events grouped by event year,event year block,1000,not_applicable_confirmation_only,outputs/controls/year_block_bootstrap_summary.csv,region=laptev_sea;variable=sic_mean_buffer;buffer_km=500
CYCLONE_001,cyclone_proximity,supplementary,beaufort_sea,,cyclone_proximity,nearest_cyclone_distance_km,,event_minus_background,"-1,0,1","-10,-7,-5",major_severe clusters,cluster_id,1000,complete 20-row cyclone test table,outputs/atmospheric_forcing/cyclone_proximity/cyclone_proximity_tests.csv,region=beaufort_sea;variable=nearest_cyclone_distance_km
CYCLONE_002,cyclone_proximity,supplementary,beaufort_sea,,cyclone_proximity,nearest_cyclone_pressure_hpa,,event_minus_background,"-1,0,1","-10,-7,-5",major_severe clusters,cluster_id,1000,complete 20-row cyclone test table,outputs/atmospheric_forcing/cyclone_proximity/cyclone_proximity_tests.csv,region=beaufort_sea;variable=nearest_cyclone_pressure_hpa
CYCLONE_003,cyclone_proximity,supplementary,beaufort_sea,,cyclone_proximity,cyclone_count_500km,,event_minus_background,"-1,0,1","-10,-7,-5",major_severe clusters,cluster_id,1000,complete 20-row cyclone test table,outputs/atmospheric_forcing/cyclone_proximity/cyclone_proximity_tests.csv,region=beaufort_sea;variable=cyclone_count_500km
CYCLONE_004,cyclone_proximity,supplementary,beaufort_sea,,cyclone_proximity,cyclone_count_1000km,,event_minus_background,"-1,0,1","-10,-7,-5",major_severe clusters,cluster_id,1000,complete 20-row cyclone test table,outputs/atmospheric_forcing/cyclone_proximity/cyclone_proximity_tests.csv,region=beaufort_sea;variable=cyclone_count_1000km
CYCLONE_005,cyclone_proximity,supplementary,laptev_sea,,cyclone_proximity,nearest_cyclone_distance_km,,event_minus_background,"-1,0,1","-10,-7,-5",major_severe clusters,cluster_id,1000,complete 20-row cyclone test table,outputs/atmospheric_forcing/cyclone_proximity/cyclone_proximity_tests.csv,region=laptev_sea;variable=nearest_cyclone_distance_km
CYCLONE_006,cyclone_proximity,supplementary,laptev_sea,,cyclone_proximity,nearest_cyclone_pressure_hpa,,event_minus_background,"-1,0,1","-10,-7,-5",major_severe clusters,cluster_id,1000,complete 20-row cyclone test table,outputs/atmospheric_forcing/cyclone_proximity/cyclone_proximity_tests.csv,region=laptev_sea;variable=nearest_cyclone_pressure_hpa
CYCLONE_007,cyclone_proximity,supplementary,laptev_sea,,cyclone_proximity,cyclone_count_500km,,event_minus_background,"-1,0,1","-10,-7,-5",major_severe clusters,cluster_id,1000,complete 20-row cyclone test table,outputs/atmospheric_forcing/cyclone_proximity/cyclone_proximity_tests.csv,region=laptev_sea;variable=cyclone_count_500km
CYCLONE_008,cyclone_proximity,supplementary,laptev_sea,,cyclone_proximity,cyclone_count_1000km,,event_minus_background,"-1,0,1","-10,-7,-5",major_severe clusters,cluster_id,1000,complete 20-row cyclone test table,outputs/atmospheric_forcing/cyclone_proximity/cyclone_proximity_tests.csv,region=laptev_sea;variable=cyclone_count_1000km
CYCLONE_009,cyclone_proximity,supplementary,kara_sea,,cyclone_proximity,nearest_cyclone_distance_km,,event_minus_background,"-1,0,1","-10,-7,-5",major_severe clusters,cluster_id,1000,complete 20-row cyclone test table,outputs/atmospheric_forcing/cyclone_proximity/cyclone_proximity_tests.csv,region=kara_sea;variable=nearest_cyclone_distance_km
CYCLONE_010,cyclone_proximity,supplementary,kara_sea,,cyclone_proximity,nearest_cyclone_pressure_hpa,,event_minus_background,"-1,0,1","-10,-7,-5",major_severe clusters,cluster_id,1000,complete 20-row cyclone test table,outputs/atmospheric_forcing/cyclone_proximity/cyclone_proximity_tests.csv,region=kara_sea;variable=nearest_cyclone_pressure_hpa
CYCLONE_011,cyclone_proximity,supplementary,kara_sea,,cyclone_proximity,cyclone_count_500km,,event_minus_background,"-1,0,1","-10,-7,-5",major_severe clusters,cluster_id,1000,complete 20-row cyclone test table,outputs/atmospheric_forcing/cyclone_proximity/cyclone_proximity_tests.csv,region=kara_sea;variable=cyclone_count_500km
CYCLONE_012,cyclone_proximity,supplementary,kara_sea,,cyclone_proximity,cyclone_count_1000km,,event_minus_background,"-1,0,1","-10,-7,-5",major_severe clusters,cluster_id,1000,complete 20-row cyclone test table,outputs/atmospheric_forcing/cyclone_proximity/cyclone_proximity_tests.csv,region=kara_sea;variable=cyclone_count_1000km
CYCLONE_013,cyclone_proximity,supplementary,barents_sea,,cyclone_proximity,nearest_cyclone_distance_km,,event_minus_background,"-1,0,1","-10,-7,-5",major_severe clusters,cluster_id,1000,complete 20-row cyclone test table,outputs/atmospheric_forcing/cyclone_proximity/cyclone_proximity_tests.csv,region=barents_sea;variable=nearest_cyclone_distance_km
CYCLONE_014,cyclone_proximity,supplementary,barents_sea,,cyclone_proximity,nearest_cyclone_pressure_hpa,,event_minus_background,"-1,0,1","-10,-7,-5",major_severe clusters,cluster_id,1000,complete 20-row cyclone test table,outputs/atmospheric_forcing/cyclone_proximity/cyclone_proximity_tests.csv,region=barents_sea;variable=nearest_cyclone_pressure_hpa
CYCLONE_015,cyclone_proximity,supplementary,barents_sea,,cyclone_proximity,cyclone_count_500km,,event_minus_background,"-1,0,1","-10,-7,-5",major_severe clusters,cluster_id,1000,complete 20-row cyclone test table,outputs/atmospheric_forcing/cyclone_proximity/cyclone_proximity_tests.csv,region=barents_sea;variable=cyclone_count_500km
CYCLONE_016,cyclone_proximity,supplementary,barents_sea,,cyclone_proximity,cyclone_count_1000km,,event_minus_background,"-1,0,1","-10,-7,-5",major_severe clusters,cluster_id,1000,complete 20-row cyclone test table,outputs/atmospheric_forcing/cyclone_proximity/cyclone_proximity_tests.csv,region=barents_sea;variable=cyclone_count_1000km
CYCLONE_017,cyclone_proximity,supplementary,central_arctic,,cyclone_proximity,nearest_cyclone_distance_km,,event_minus_background,"-1,0,1","-10,-7,-5",major_severe clusters,cluster_id,1000,complete 20-row cyclone test table,outputs/atmospheric_forcing/cyclone_proximity/cyclone_proximity_tests.csv,region=central_arctic;variable=nearest_cyclone_distance_km
CYCLONE_018,cyclone_proximity,supplementary,central_arctic,,cyclone_proximity,nearest_cyclone_pressure_hpa,,event_minus_background,"-1,0,1","-10,-7,-5",major_severe clusters,cluster_id,1000,complete 20-row cyclone test table,outputs/atmospheric_forcing/cyclone_proximity/cyclone_proximity_tests.csv,region=central_arctic;variable=nearest_cyclone_pressure_hpa
CYCLONE_019,cyclone_proximity,supplementary,central_arctic,,cyclone_proximity,cyclone_count_500km,,event_minus_background,"-1,0,1","-10,-7,-5",major_severe clusters,cluster_id,1000,complete 20-row cyclone test table,outputs/atmospheric_forcing/cyclone_proximity/cyclone_proximity_tests.csv,region=central_arctic;variable=cyclone_count_500km
CYCLONE_020,cyclone_proximity,supplementary,central_arctic,,cyclone_proximity,cyclone_count_1000km,,event_minus_background,"-1,0,1","-10,-7,-5",major_severe clusters,cluster_id,1000,complete 20-row cyclone test table,outputs/atmospheric_forcing/cyclone_proximity/cyclone_proximity_tests.csv,region=central_arctic;variable=cyclone_count_1000km
EDGE_001,ice_edge_relative_wind,primary,beaufort_sea,,ice_edge_relative_wind,outward_edge_normal_wind_ms,,pre-event,"-3,-1","-10,-7,-5",major_severe clusters,cluster_id,1000,complete 60-row primary tier,outputs/atmospheric_forcing/ice_edge_relative_wind/ice_edge_relative_wind_tests.csv,tier=primary;region=beaufort_sea;variable=outward_edge_normal_wind_ms;lag_group=pre-event
EDGE_002,ice_edge_relative_wind,primary,beaufort_sea,,ice_edge_relative_wind,outward_edge_normal_wind_ms,,event-time,0,"-10,-7,-5",major_severe clusters,cluster_id,1000,complete 60-row primary tier,outputs/atmospheric_forcing/ice_edge_relative_wind/ice_edge_relative_wind_tests.csv,tier=primary;region=beaufort_sea;variable=outward_edge_normal_wind_ms;lag_group=event-time
EDGE_003,ice_edge_relative_wind,primary,beaufort_sea,,ice_edge_relative_wind,outward_edge_normal_wind_ms,,post-event,"1,3,5","-10,-7,-5",major_severe clusters,cluster_id,1000,complete 60-row primary tier,outputs/atmospheric_forcing/ice_edge_relative_wind/ice_edge_relative_wind_tests.csv,tier=primary;region=beaufort_sea;variable=outward_edge_normal_wind_ms;lag_group=post-event
EDGE_004,ice_edge_relative_wind,primary,beaufort_sea,,ice_edge_relative_wind,abs_edge_normal_wind_ms,,pre-event,"-3,-1","-10,-7,-5",major_severe clusters,cluster_id,1000,complete 60-row primary tier,outputs/atmospheric_forcing/ice_edge_relative_wind/ice_edge_relative_wind_tests.csv,tier=primary;region=beaufort_sea;variable=abs_edge_normal_wind_ms;lag_group=pre-event
EDGE_005,ice_edge_relative_wind,primary,beaufort_sea,,ice_edge_relative_wind,abs_edge_normal_wind_ms,,event-time,0,"-10,-7,-5",major_severe clusters,cluster_id,1000,complete 60-row primary tier,outputs/atmospheric_forcing/ice_edge_relative_wind/ice_edge_relative_wind_tests.csv,tier=primary;region=beaufort_sea;variable=abs_edge_normal_wind_ms;lag_group=event-time
EDGE_006,ice_edge_relative_wind,primary,beaufort_sea,,ice_edge_relative_wind,abs_edge_normal_wind_ms,,post-event,"1,3,5","-10,-7,-5",major_severe clusters,cluster_id,1000,complete 60-row primary tier,outputs/atmospheric_forcing/ice_edge_relative_wind/ice_edge_relative_wind_tests.csv,tier=primary;region=beaufort_sea;variable=abs_edge_normal_wind_ms;lag_group=post-event
EDGE_007,ice_edge_relative_wind,primary,beaufort_sea,,ice_edge_relative_wind,edge_tangential_wind_ms,,pre-event,"-3,-1","-10,-7,-5",major_severe clusters,cluster_id,1000,complete 60-row primary tier,outputs/atmospheric_forcing/ice_edge_relative_wind/ice_edge_relative_wind_tests.csv,tier=primary;region=beaufort_sea;variable=edge_tangential_wind_ms;lag_group=pre-event
EDGE_008,ice_edge_relative_wind,primary,beaufort_sea,,ice_edge_relative_wind,edge_tangential_wind_ms,,event-time,0,"-10,-7,-5",major_severe clusters,cluster_id,1000,complete 60-row primary tier,outputs/atmospheric_forcing/ice_edge_relative_wind/ice_edge_relative_wind_tests.csv,tier=primary;region=beaufort_sea;variable=edge_tangential_wind_ms;lag_group=event-time
EDGE_009,ice_edge_relative_wind,primary,beaufort_sea,,ice_edge_relative_wind,edge_tangential_wind_ms,,post-event,"1,3,5","-10,-7,-5",major_severe clusters,cluster_id,1000,complete 60-row primary tier,outputs/atmospheric_forcing/ice_edge_relative_wind/ice_edge_relative_wind_tests.csv,tier=primary;region=beaufort_sea;variable=edge_tangential_wind_ms;lag_group=post-event
EDGE_010,ice_edge_relative_wind,primary,beaufort_sea,,ice_edge_relative_wind,wind_speed_ms,,pre-event,"-3,-1","-10,-7,-5",major_severe clusters,cluster_id,1000,complete 60-row primary tier,outputs/atmospheric_forcing/ice_edge_relative_wind/ice_edge_relative_wind_tests.csv,tier=primary;region=beaufort_sea;variable=wind_speed_ms;lag_group=pre-event
EDGE_011,ice_edge_relative_wind,primary,beaufort_sea,,ice_edge_relative_wind,wind_speed_ms,,event-time,0,"-10,-7,-5",major_severe clusters,cluster_id,1000,complete 60-row primary tier,outputs/atmospheric_forcing/ice_edge_relative_wind/ice_edge_relative_wind_tests.csv,tier=primary;region=beaufort_sea;variable=wind_speed_ms;lag_group=event-time
EDGE_012,ice_edge_relative_wind,primary,beaufort_sea,,ice_edge_relative_wind,wind_speed_ms,,post-event,"1,3,5","-10,-7,-5",major_severe clusters,cluster_id,1000,complete 60-row primary tier,outputs/atmospheric_forcing/ice_edge_relative_wind/ice_edge_relative_wind_tests.csv,tier=primary;region=beaufort_sea;variable=wind_speed_ms;lag_group=post-event
EDGE_013,ice_edge_relative_wind,primary,laptev_sea,,ice_edge_relative_wind,outward_edge_normal_wind_ms,,pre-event,"-3,-1","-10,-7,-5",major_severe clusters,cluster_id,1000,complete 60-row primary tier,outputs/atmospheric_forcing/ice_edge_relative_wind/ice_edge_relative_wind_tests.csv,tier=primary;region=laptev_sea;variable=outward_edge_normal_wind_ms;lag_group=pre-event
EDGE_014,ice_edge_relative_wind,primary,laptev_sea,,ice_edge_relative_wind,outward_edge_normal_wind_ms,,event-time,0,"-10,-7,-5",major_severe clusters,cluster_id,1000,complete 60-row primary tier,outputs/atmospheric_forcing/ice_edge_relative_wind/ice_edge_relative_wind_tests.csv,tier=primary;region=laptev_sea;variable=outward_edge_normal_wind_ms;lag_group=event-time
EDGE_015,ice_edge_relative_wind,primary,laptev_sea,,ice_edge_relative_wind,outward_edge_normal_wind_ms,,post-event,"1,3,5","-10,-7,-5",major_severe clusters,cluster_id,1000,complete 60-row primary tier,outputs/atmospheric_forcing/ice_edge_relative_wind/ice_edge_relative_wind_tests.csv,tier=primary;region=laptev_sea;variable=outward_edge_normal_wind_ms;lag_group=post-event
EDGE_016,ice_edge_relative_wind,primary,laptev_sea,,ice_edge_relative_wind,abs_edge_normal_wind_ms,,pre-event,"-3,-1","-10,-7,-5",major_severe clusters,cluster_id,1000,complete 60-row primary tier,outputs/atmospheric_forcing/ice_edge_relative_wind/ice_edge_relative_wind_tests.csv,tier=primary;region=laptev_sea;variable=abs_edge_normal_wind_ms;lag_group=pre-event
EDGE_017,ice_edge_relative_wind,primary,laptev_sea,,ice_edge_relative_wind,abs_edge_normal_wind_ms,,event-time,0,"-10,-7,-5",major_severe clusters,cluster_id,1000,complete 60-row primary tier,outputs/atmospheric_forcing/ice_edge_relative_wind/ice_edge_relative_wind_tests.csv,tier=primary;region=laptev_sea;variable=abs_edge_normal_wind_ms;lag_group=event-time
EDGE_018,ice_edge_relative_wind,primary,laptev_sea,,ice_edge_relative_wind,abs_edge_normal_wind_ms,,post-event,"1,3,5","-10,-7,-5",major_severe clusters,cluster_id,1000,complete 60-row primary tier,outputs/atmospheric_forcing/ice_edge_relative_wind/ice_edge_relative_wind_tests.csv,tier=primary;region=laptev_sea;variable=abs_edge_normal_wind_ms;lag_group=post-event
EDGE_019,ice_edge_relative_wind,primary,laptev_sea,,ice_edge_relative_wind,edge_tangential_wind_ms,,pre-event,"-3,-1","-10,-7,-5",major_severe clusters,cluster_id,1000,complete 60-row primary tier,outputs/atmospheric_forcing/ice_edge_relative_wind/ice_edge_relative_wind_tests.csv,tier=primary;region=laptev_sea;variable=edge_tangential_wind_ms;lag_group=pre-event
EDGE_020,ice_edge_relative_wind,primary,laptev_sea,,ice_edge_relative_wind,edge_tangential_wind_ms,,event-time,0,"-10,-7,-5",major_severe clusters,cluster_id,1000,complete 60-row primary tier,outputs/atmospheric_forcing/ice_edge_relative_wind/ice_edge_relative_wind_tests.csv,tier=primary;region=laptev_sea;variable=edge_tangential_wind_ms;lag_group=event-time
EDGE_021,ice_edge_relative_wind,primary,laptev_sea,,ice_edge_relative_wind,edge_tangential_wind_ms,,post-event,"1,3,5","-10,-7,-5",major_severe clusters,cluster_id,1000,complete 60-row primary tier,outputs/atmospheric_forcing/ice_edge_relative_wind/ice_edge_relative_wind_tests.csv,tier=primary;region=laptev_sea;variable=edge_tangential_wind_ms;lag_group=post-event
EDGE_022,ice_edge_relative_wind,primary,laptev_sea,,ice_edge_relative_wind,wind_speed_ms,,pre-event,"-3,-1","-10,-7,-5",major_severe clusters,cluster_id,1000,complete 60-row primary tier,outputs/atmospheric_forcing/ice_edge_relative_wind/ice_edge_relative_wind_tests.csv,tier=primary;region=laptev_sea;variable=wind_speed_ms;lag_group=pre-event
EDGE_023,ice_edge_relative_wind,primary,laptev_sea,,ice_edge_relative_wind,wind_speed_ms,,event-time,0,"-10,-7,-5",major_severe clusters,cluster_id,1000,complete 60-row primary tier,outputs/atmospheric_forcing/ice_edge_relative_wind/ice_edge_relative_wind_tests.csv,tier=primary;region=laptev_sea;variable=wind_speed_ms;lag_group=event-time
EDGE_024,ice_edge_relative_wind,primary,laptev_sea,,ice_edge_relative_wind,wind_speed_ms,,post-event,"1,3,5","-10,-7,-5",major_severe clusters,cluster_id,1000,complete 60-row primary tier,outputs/atmospheric_forcing/ice_edge_relative_wind/ice_edge_relative_wind_tests.csv,tier=primary;region=laptev_sea;variable=wind_speed_ms;lag_group=post-event
EDGE_025,ice_edge_relative_wind,primary,kara_sea,,ice_edge_relative_wind,outward_edge_normal_wind_ms,,pre-event,"-3,-1","-10,-7,-5",major_severe clusters,cluster_id,1000,complete 60-row primary tier,outputs/atmospheric_forcing/ice_edge_relative_wind/ice_edge_relative_wind_tests.csv,tier=primary;region=kara_sea;variable=outward_edge_normal_wind_ms;lag_group=pre-event
EDGE_026,ice_edge_relative_wind,primary,kara_sea,,ice_edge_relative_wind,outward_edge_normal_wind_ms,,event-time,0,"-10,-7,-5",major_severe clusters,cluster_id,1000,complete 60-row primary tier,outputs/atmospheric_forcing/ice_edge_relative_wind/ice_edge_relative_wind_tests.csv,tier=primary;region=kara_sea;variable=outward_edge_normal_wind_ms;lag_group=event-time
EDGE_027,ice_edge_relative_wind,primary,kara_sea,,ice_edge_relative_wind,outward_edge_normal_wind_ms,,post-event,"1,3,5","-10,-7,-5",major_severe clusters,cluster_id,1000,complete 60-row primary tier,outputs/atmospheric_forcing/ice_edge_relative_wind/ice_edge_relative_wind_tests.csv,tier=primary;region=kara_sea;variable=outward_edge_normal_wind_ms;lag_group=post-event
EDGE_028,ice_edge_relative_wind,primary,kara_sea,,ice_edge_relative_wind,abs_edge_normal_wind_ms,,pre-event,"-3,-1","-10,-7,-5",major_severe clusters,cluster_id,1000,complete 60-row primary tier,outputs/atmospheric_forcing/ice_edge_relative_wind/ice_edge_relative_wind_tests.csv,tier=primary;region=kara_sea;variable=abs_edge_normal_wind_ms;lag_group=pre-event
EDGE_029,ice_edge_relative_wind,primary,kara_sea,,ice_edge_relative_wind,abs_edge_normal_wind_ms,,event-time,0,"-10,-7,-5",major_severe clusters,cluster_id,1000,complete 60-row primary tier,outputs/atmospheric_forcing/ice_edge_relative_wind/ice_edge_relative_wind_tests.csv,tier=primary;region=kara_sea;variable=abs_edge_normal_wind_ms;lag_group=event-time
EDGE_030,ice_edge_relative_wind,primary,kara_sea,,ice_edge_relative_wind,abs_edge_normal_wind_ms,,post-event,"1,3,5","-10,-7,-5",major_severe clusters,cluster_id,1000,complete 60-row primary tier,outputs/atmospheric_forcing/ice_edge_relative_wind/ice_edge_relative_wind_tests.csv,tier=primary;region=kara_sea;variable=abs_edge_normal_wind_ms;lag_group=post-event
EDGE_031,ice_edge_relative_wind,primary,kara_sea,,ice_edge_relative_wind,edge_tangential_wind_ms,,pre-event,"-3,-1","-10,-7,-5",major_severe clusters,cluster_id,1000,complete 60-row primary tier,outputs/atmospheric_forcing/ice_edge_relative_wind/ice_edge_relative_wind_tests.csv,tier=primary;region=kara_sea;variable=edge_tangential_wind_ms;lag_group=pre-event
EDGE_032,ice_edge_relative_wind,primary,kara_sea,,ice_edge_relative_wind,edge_tangential_wind_ms,,event-time,0,"-10,-7,-5",major_severe clusters,cluster_id,1000,complete 60-row primary tier,outputs/atmospheric_forcing/ice_edge_relative_wind/ice_edge_relative_wind_tests.csv,tier=primary;region=kara_sea;variable=edge_tangential_wind_ms;lag_group=event-time
EDGE_033,ice_edge_relative_wind,primary,kara_sea,,ice_edge_relative_wind,edge_tangential_wind_ms,,post-event,"1,3,5","-10,-7,-5",major_severe clusters,cluster_id,1000,complete 60-row primary tier,outputs/atmospheric_forcing/ice_edge_relative_wind/ice_edge_relative_wind_tests.csv,tier=primary;region=kara_sea;variable=edge_tangential_wind_ms;lag_group=post-event
EDGE_034,ice_edge_relative_wind,primary,kara_sea,,ice_edge_relative_wind,wind_speed_ms,,pre-event,"-3,-1","-10,-7,-5",major_severe clusters,cluster_id,1000,complete 60-row primary tier,outputs/atmospheric_forcing/ice_edge_relative_wind/ice_edge_relative_wind_tests.csv,tier=primary;region=kara_sea;variable=wind_speed_ms;lag_group=pre-event
EDGE_035,ice_edge_relative_wind,primary,kara_sea,,ice_edge_relative_wind,wind_speed_ms,,event-time,0,"-10,-7,-5",major_severe clusters,cluster_id,1000,complete 60-row primary tier,outputs/atmospheric_forcing/ice_edge_relative_wind/ice_edge_relative_wind_tests.csv,tier=primary;region=kara_sea;variable=wind_speed_ms;lag_group=event-time
EDGE_036,ice_edge_relative_wind,primary,kara_sea,,ice_edge_relative_wind,wind_speed_ms,,post-event,"1,3,5","-10,-7,-5",major_severe clusters,cluster_id,1000,complete 60-row primary tier,outputs/atmospheric_forcing/ice_edge_relative_wind/ice_edge_relative_wind_tests.csv,tier=primary;region=kara_sea;variable=wind_speed_ms;lag_group=post-event
EDGE_037,ice_edge_relative_wind,primary,barents_sea,,ice_edge_relative_wind,outward_edge_normal_wind_ms,,pre-event,"-3,-1","-10,-7,-5",major_severe clusters,cluster_id,1000,complete 60-row primary tier,outputs/atmospheric_forcing/ice_edge_relative_wind/ice_edge_relative_wind_tests.csv,tier=primary;region=barents_sea;variable=outward_edge_normal_wind_ms;lag_group=pre-event
EDGE_038,ice_edge_relative_wind,primary,barents_sea,,ice_edge_relative_wind,outward_edge_normal_wind_ms,,event-time,0,"-10,-7,-5",major_severe clusters,cluster_id,1000,complete 60-row primary tier,outputs/atmospheric_forcing/ice_edge_relative_wind/ice_edge_relative_wind_tests.csv,tier=primary;region=barents_sea;variable=outward_edge_normal_wind_ms;lag_group=event-time
EDGE_039,ice_edge_relative_wind,primary,barents_sea,,ice_edge_relative_wind,outward_edge_normal_wind_ms,,post-event,"1,3,5","-10,-7,-5",major_severe clusters,cluster_id,1000,complete 60-row primary tier,outputs/atmospheric_forcing/ice_edge_relative_wind/ice_edge_relative_wind_tests.csv,tier=primary;region=barents_sea;variable=outward_edge_normal_wind_ms;lag_group=post-event
EDGE_040,ice_edge_relative_wind,primary,barents_sea,,ice_edge_relative_wind,abs_edge_normal_wind_ms,,pre-event,"-3,-1","-10,-7,-5",major_severe clusters,cluster_id,1000,complete 60-row primary tier,outputs/atmospheric_forcing/ice_edge_relative_wind/ice_edge_relative_wind_tests.csv,tier=primary;region=barents_sea;variable=abs_edge_normal_wind_ms;lag_group=pre-event
EDGE_041,ice_edge_relative_wind,primary,barents_sea,,ice_edge_relative_wind,abs_edge_normal_wind_ms,,event-time,0,"-10,-7,-5",major_severe clusters,cluster_id,1000,complete 60-row primary tier,outputs/atmospheric_forcing/ice_edge_relative_wind/ice_edge_relative_wind_tests.csv,tier=primary;region=barents_sea;variable=abs_edge_normal_wind_ms;lag_group=event-time
EDGE_042,ice_edge_relative_wind,primary,barents_sea,,ice_edge_relative_wind,abs_edge_normal_wind_ms,,post-event,"1,3,5","-10,-7,-5",major_severe clusters,cluster_id,1000,complete 60-row primary tier,outputs/atmospheric_forcing/ice_edge_relative_wind/ice_edge_relative_wind_tests.csv,tier=primary;region=barents_sea;variable=abs_edge_normal_wind_ms;lag_group=post-event
EDGE_043,ice_edge_relative_wind,primary,barents_sea,,ice_edge_relative_wind,edge_tangential_wind_ms,,pre-event,"-3,-1","-10,-7,-5",major_severe clusters,cluster_id,1000,complete 60-row primary tier,outputs/atmospheric_forcing/ice_edge_relative_wind/ice_edge_relative_wind_tests.csv,tier=primary;region=barents_sea;variable=edge_tangential_wind_ms;lag_group=pre-event
EDGE_044,ice_edge_relative_wind,primary,barents_sea,,ice_edge_relative_wind,edge_tangential_wind_ms,,event-time,0,"-10,-7,-5",major_severe clusters,cluster_id,1000,complete 60-row primary tier,outputs/atmospheric_forcing/ice_edge_relative_wind/ice_edge_relative_wind_tests.csv,tier=primary;region=barents_sea;variable=edge_tangential_wind_ms;lag_group=event-time
EDGE_045,ice_edge_relative_wind,primary,barents_sea,,ice_edge_relative_wind,edge_tangential_wind_ms,,post-event,"1,3,5","-10,-7,-5",major_severe clusters,cluster_id,1000,complete 60-row primary tier,outputs/atmospheric_forcing/ice_edge_relative_wind/ice_edge_relative_wind_tests.csv,tier=primary;region=barents_sea;variable=edge_tangential_wind_ms;lag_group=post-event
EDGE_046,ice_edge_relative_wind,primary,barents_sea,,ice_edge_relative_wind,wind_speed_ms,,pre-event,"-3,-1","-10,-7,-5",major_severe clusters,cluster_id,1000,complete 60-row primary tier,outputs/atmospheric_forcing/ice_edge_relative_wind/ice_edge_relative_wind_tests.csv,tier=primary;region=barents_sea;variable=wind_speed_ms;lag_group=pre-event
EDGE_047,ice_edge_relative_wind,primary,barents_sea,,ice_edge_relative_wind,wind_speed_ms,,event-time,0,"-10,-7,-5",major_severe clusters,cluster_id,1000,complete 60-row primary tier,outputs/atmospheric_forcing/ice_edge_relative_wind/ice_edge_relative_wind_tests.csv,tier=primary;region=barents_sea;variable=wind_speed_ms;lag_group=event-time
EDGE_048,ice_edge_relative_wind,primary,barents_sea,,ice_edge_relative_wind,wind_speed_ms,,post-event,"1,3,5","-10,-7,-5",major_severe clusters,cluster_id,1000,complete 60-row primary tier,outputs/atmospheric_forcing/ice_edge_relative_wind/ice_edge_relative_wind_tests.csv,tier=primary;region=barents_sea;variable=wind_speed_ms;lag_group=post-event
EDGE_049,ice_edge_relative_wind,primary,central_arctic,,ice_edge_relative_wind,outward_edge_normal_wind_ms,,pre-event,"-3,-1","-10,-7,-5",major_severe clusters,cluster_id,1000,complete 60-row primary tier,outputs/atmospheric_forcing/ice_edge_relative_wind/ice_edge_relative_wind_tests.csv,tier=primary;region=central_arctic;variable=outward_edge_normal_wind_ms;lag_group=pre-event
EDGE_050,ice_edge_relative_wind,primary,central_arctic,,ice_edge_relative_wind,outward_edge_normal_wind_ms,,event-time,0,"-10,-7,-5",major_severe clusters,cluster_id,1000,complete 60-row primary tier,outputs/atmospheric_forcing/ice_edge_relative_wind/ice_edge_relative_wind_tests.csv,tier=primary;region=central_arctic;variable=outward_edge_normal_wind_ms;lag_group=event-time
EDGE_051,ice_edge_relative_wind,primary,central_arctic,,ice_edge_relative_wind,outward_edge_normal_wind_ms,,post-event,"1,3,5","-10,-7,-5",major_severe clusters,cluster_id,1000,complete 60-row primary tier,outputs/atmospheric_forcing/ice_edge_relative_wind/ice_edge_relative_wind_tests.csv,tier=primary;region=central_arctic;variable=outward_edge_normal_wind_ms;lag_group=post-event
EDGE_052,ice_edge_relative_wind,primary,central_arctic,,ice_edge_relative_wind,abs_edge_normal_wind_ms,,pre-event,"-3,-1","-10,-7,-5",major_severe clusters,cluster_id,1000,complete 60-row primary tier,outputs/atmospheric_forcing/ice_edge_relative_wind/ice_edge_relative_wind_tests.csv,tier=primary;region=central_arctic;variable=abs_edge_normal_wind_ms;lag_group=pre-event
EDGE_053,ice_edge_relative_wind,primary,central_arctic,,ice_edge_relative_wind,abs_edge_normal_wind_ms,,event-time,0,"-10,-7,-5",major_severe clusters,cluster_id,1000,complete 60-row primary tier,outputs/atmospheric_forcing/ice_edge_relative_wind/ice_edge_relative_wind_tests.csv,tier=primary;region=central_arctic;variable=abs_edge_normal_wind_ms;lag_group=event-time
EDGE_054,ice_edge_relative_wind,primary,central_arctic,,ice_edge_relative_wind,abs_edge_normal_wind_ms,,post-event,"1,3,5","-10,-7,-5",major_severe clusters,cluster_id,1000,complete 60-row primary tier,outputs/atmospheric_forcing/ice_edge_relative_wind/ice_edge_relative_wind_tests.csv,tier=primary;region=central_arctic;variable=abs_edge_normal_wind_ms;lag_group=post-event
EDGE_055,ice_edge_relative_wind,primary,central_arctic,,ice_edge_relative_wind,edge_tangential_wind_ms,,pre-event,"-3,-1","-10,-7,-5",major_severe clusters,cluster_id,1000,complete 60-row primary tier,outputs/atmospheric_forcing/ice_edge_relative_wind/ice_edge_relative_wind_tests.csv,tier=primary;region=central_arctic;variable=edge_tangential_wind_ms;lag_group=pre-event
EDGE_056,ice_edge_relative_wind,primary,central_arctic,,ice_edge_relative_wind,edge_tangential_wind_ms,,event-time,0,"-10,-7,-5",major_severe clusters,cluster_id,1000,complete 60-row primary tier,outputs/atmospheric_forcing/ice_edge_relative_wind/ice_edge_relative_wind_tests.csv,tier=primary;region=central_arctic;variable=edge_tangential_wind_ms;lag_group=event-time
EDGE_057,ice_edge_relative_wind,primary,central_arctic,,ice_edge_relative_wind,edge_tangential_wind_ms,,post-event,"1,3,5","-10,-7,-5",major_severe clusters,cluster_id,1000,complete 60-row primary tier,outputs/atmospheric_forcing/ice_edge_relative_wind/ice_edge_relative_wind_tests.csv,tier=primary;region=central_arctic;variable=edge_tangential_wind_ms;lag_group=post-event
EDGE_058,ice_edge_relative_wind,primary,central_arctic,,ice_edge_relative_wind,wind_speed_ms,,pre-event,"-3,-1","-10,-7,-5",major_severe clusters,cluster_id,1000,complete 60-row primary tier,outputs/atmospheric_forcing/ice_edge_relative_wind/ice_edge_relative_wind_tests.csv,tier=primary;region=central_arctic;variable=wind_speed_ms;lag_group=pre-event
EDGE_059,ice_edge_relative_wind,primary,central_arctic,,ice_edge_relative_wind,wind_speed_ms,,event-time,0,"-10,-7,-5",major_severe clusters,cluster_id,1000,complete 60-row primary tier,outputs/atmospheric_forcing/ice_edge_relative_wind/ice_edge_relative_wind_tests.csv,tier=primary;region=central_arctic;variable=wind_speed_ms;lag_group=event-time
EDGE_060,ice_edge_relative_wind,primary,central_arctic,,ice_edge_relative_wind,wind_speed_ms,,post-event,"1,3,5","-10,-7,-5",major_severe clusters,cluster_id,1000,complete 60-row primary tier,outputs/atmospheric_forcing/ice_edge_relative_wind/ice_edge_relative_wind_tests.csv,tier=primary;region=central_arctic;variable=wind_speed_ms;lag_group=post-event
EDGE_061,ice_edge_relative_wind,sensitivity,beaufort_sea,,ice_edge_relative_wind,outward_edge_normal_wind_ms,,pre-event,"-3,-1","-10,-7,-5",major_severe clusters,cluster_id,1000,complete 60-row sensitivity tier,outputs/atmospheric_forcing/ice_edge_relative_wind/ice_edge_relative_wind_tests.csv,tier=sensitivity;region=beaufort_sea;variable=outward_edge_normal_wind_ms;lag_group=pre-event
EDGE_062,ice_edge_relative_wind,sensitivity,beaufort_sea,,ice_edge_relative_wind,outward_edge_normal_wind_ms,,event-time,0,"-10,-7,-5",major_severe clusters,cluster_id,1000,complete 60-row sensitivity tier,outputs/atmospheric_forcing/ice_edge_relative_wind/ice_edge_relative_wind_tests.csv,tier=sensitivity;region=beaufort_sea;variable=outward_edge_normal_wind_ms;lag_group=event-time
EDGE_063,ice_edge_relative_wind,sensitivity,beaufort_sea,,ice_edge_relative_wind,outward_edge_normal_wind_ms,,post-event,"1,3,5","-10,-7,-5",major_severe clusters,cluster_id,1000,complete 60-row sensitivity tier,outputs/atmospheric_forcing/ice_edge_relative_wind/ice_edge_relative_wind_tests.csv,tier=sensitivity;region=beaufort_sea;variable=outward_edge_normal_wind_ms;lag_group=post-event
EDGE_064,ice_edge_relative_wind,sensitivity,beaufort_sea,,ice_edge_relative_wind,abs_edge_normal_wind_ms,,pre-event,"-3,-1","-10,-7,-5",major_severe clusters,cluster_id,1000,complete 60-row sensitivity tier,outputs/atmospheric_forcing/ice_edge_relative_wind/ice_edge_relative_wind_tests.csv,tier=sensitivity;region=beaufort_sea;variable=abs_edge_normal_wind_ms;lag_group=pre-event
EDGE_065,ice_edge_relative_wind,sensitivity,beaufort_sea,,ice_edge_relative_wind,abs_edge_normal_wind_ms,,event-time,0,"-10,-7,-5",major_severe clusters,cluster_id,1000,complete 60-row sensitivity tier,outputs/atmospheric_forcing/ice_edge_relative_wind/ice_edge_relative_wind_tests.csv,tier=sensitivity;region=beaufort_sea;variable=abs_edge_normal_wind_ms;lag_group=event-time
EDGE_066,ice_edge_relative_wind,sensitivity,beaufort_sea,,ice_edge_relative_wind,abs_edge_normal_wind_ms,,post-event,"1,3,5","-10,-7,-5",major_severe clusters,cluster_id,1000,complete 60-row sensitivity tier,outputs/atmospheric_forcing/ice_edge_relative_wind/ice_edge_relative_wind_tests.csv,tier=sensitivity;region=beaufort_sea;variable=abs_edge_normal_wind_ms;lag_group=post-event
EDGE_067,ice_edge_relative_wind,sensitivity,beaufort_sea,,ice_edge_relative_wind,edge_tangential_wind_ms,,pre-event,"-3,-1","-10,-7,-5",major_severe clusters,cluster_id,1000,complete 60-row sensitivity tier,outputs/atmospheric_forcing/ice_edge_relative_wind/ice_edge_relative_wind_tests.csv,tier=sensitivity;region=beaufort_sea;variable=edge_tangential_wind_ms;lag_group=pre-event
EDGE_068,ice_edge_relative_wind,sensitivity,beaufort_sea,,ice_edge_relative_wind,edge_tangential_wind_ms,,event-time,0,"-10,-7,-5",major_severe clusters,cluster_id,1000,complete 60-row sensitivity tier,outputs/atmospheric_forcing/ice_edge_relative_wind/ice_edge_relative_wind_tests.csv,tier=sensitivity;region=beaufort_sea;variable=edge_tangential_wind_ms;lag_group=event-time
EDGE_069,ice_edge_relative_wind,sensitivity,beaufort_sea,,ice_edge_relative_wind,edge_tangential_wind_ms,,post-event,"1,3,5","-10,-7,-5",major_severe clusters,cluster_id,1000,complete 60-row sensitivity tier,outputs/atmospheric_forcing/ice_edge_relative_wind/ice_edge_relative_wind_tests.csv,tier=sensitivity;region=beaufort_sea;variable=edge_tangential_wind_ms;lag_group=post-event
EDGE_070,ice_edge_relative_wind,sensitivity,beaufort_sea,,ice_edge_relative_wind,wind_speed_ms,,pre-event,"-3,-1","-10,-7,-5",major_severe clusters,cluster_id,1000,complete 60-row sensitivity tier,outputs/atmospheric_forcing/ice_edge_relative_wind/ice_edge_relative_wind_tests.csv,tier=sensitivity;region=beaufort_sea;variable=wind_speed_ms;lag_group=pre-event
EDGE_071,ice_edge_relative_wind,sensitivity,beaufort_sea,,ice_edge_relative_wind,wind_speed_ms,,event-time,0,"-10,-7,-5",major_severe clusters,cluster_id,1000,complete 60-row sensitivity tier,outputs/atmospheric_forcing/ice_edge_relative_wind/ice_edge_relative_wind_tests.csv,tier=sensitivity;region=beaufort_sea;variable=wind_speed_ms;lag_group=event-time
EDGE_072,ice_edge_relative_wind,sensitivity,beaufort_sea,,ice_edge_relative_wind,wind_speed_ms,,post-event,"1,3,5","-10,-7,-5",major_severe clusters,cluster_id,1000,complete 60-row sensitivity tier,outputs/atmospheric_forcing/ice_edge_relative_wind/ice_edge_relative_wind_tests.csv,tier=sensitivity;region=beaufort_sea;variable=wind_speed_ms;lag_group=post-event
EDGE_073,ice_edge_relative_wind,sensitivity,laptev_sea,,ice_edge_relative_wind,outward_edge_normal_wind_ms,,pre-event,"-3,-1","-10,-7,-5",major_severe clusters,cluster_id,1000,complete 60-row sensitivity tier,outputs/atmospheric_forcing/ice_edge_relative_wind/ice_edge_relative_wind_tests.csv,tier=sensitivity;region=laptev_sea;variable=outward_edge_normal_wind_ms;lag_group=pre-event
EDGE_074,ice_edge_relative_wind,sensitivity,laptev_sea,,ice_edge_relative_wind,outward_edge_normal_wind_ms,,event-time,0,"-10,-7,-5",major_severe clusters,cluster_id,1000,complete 60-row sensitivity tier,outputs/atmospheric_forcing/ice_edge_relative_wind/ice_edge_relative_wind_tests.csv,tier=sensitivity;region=laptev_sea;variable=outward_edge_normal_wind_ms;lag_group=event-time
EDGE_075,ice_edge_relative_wind,sensitivity,laptev_sea,,ice_edge_relative_wind,outward_edge_normal_wind_ms,,post-event,"1,3,5","-10,-7,-5",major_severe clusters,cluster_id,1000,complete 60-row sensitivity tier,outputs/atmospheric_forcing/ice_edge_relative_wind/ice_edge_relative_wind_tests.csv,tier=sensitivity;region=laptev_sea;variable=outward_edge_normal_wind_ms;lag_group=post-event
EDGE_076,ice_edge_relative_wind,sensitivity,laptev_sea,,ice_edge_relative_wind,abs_edge_normal_wind_ms,,pre-event,"-3,-1","-10,-7,-5",major_severe clusters,cluster_id,1000,complete 60-row sensitivity tier,outputs/atmospheric_forcing/ice_edge_relative_wind/ice_edge_relative_wind_tests.csv,tier=sensitivity;region=laptev_sea;variable=abs_edge_normal_wind_ms;lag_group=pre-event
EDGE_077,ice_edge_relative_wind,sensitivity,laptev_sea,,ice_edge_relative_wind,abs_edge_normal_wind_ms,,event-time,0,"-10,-7,-5",major_severe clusters,cluster_id,1000,complete 60-row sensitivity tier,outputs/atmospheric_forcing/ice_edge_relative_wind/ice_edge_relative_wind_tests.csv,tier=sensitivity;region=laptev_sea;variable=abs_edge_normal_wind_ms;lag_group=event-time
EDGE_078,ice_edge_relative_wind,sensitivity,laptev_sea,,ice_edge_relative_wind,abs_edge_normal_wind_ms,,post-event,"1,3,5","-10,-7,-5",major_severe clusters,cluster_id,1000,complete 60-row sensitivity tier,outputs/atmospheric_forcing/ice_edge_relative_wind/ice_edge_relative_wind_tests.csv,tier=sensitivity;region=laptev_sea;variable=abs_edge_normal_wind_ms;lag_group=post-event
EDGE_079,ice_edge_relative_wind,sensitivity,laptev_sea,,ice_edge_relative_wind,edge_tangential_wind_ms,,pre-event,"-3,-1","-10,-7,-5",major_severe clusters,cluster_id,1000,complete 60-row sensitivity tier,outputs/atmospheric_forcing/ice_edge_relative_wind/ice_edge_relative_wind_tests.csv,tier=sensitivity;region=laptev_sea;variable=edge_tangential_wind_ms;lag_group=pre-event
EDGE_080,ice_edge_relative_wind,sensitivity,laptev_sea,,ice_edge_relative_wind,edge_tangential_wind_ms,,event-time,0,"-10,-7,-5",major_severe clusters,cluster_id,1000,complete 60-row sensitivity tier,outputs/atmospheric_forcing/ice_edge_relative_wind/ice_edge_relative_wind_tests.csv,tier=sensitivity;region=laptev_sea;variable=edge_tangential_wind_ms;lag_group=event-time
EDGE_081,ice_edge_relative_wind,sensitivity,laptev_sea,,ice_edge_relative_wind,edge_tangential_wind_ms,,post-event,"1,3,5","-10,-7,-5",major_severe clusters,cluster_id,1000,complete 60-row sensitivity tier,outputs/atmospheric_forcing/ice_edge_relative_wind/ice_edge_relative_wind_tests.csv,tier=sensitivity;region=laptev_sea;variable=edge_tangential_wind_ms;lag_group=post-event
EDGE_082,ice_edge_relative_wind,sensitivity,laptev_sea,,ice_edge_relative_wind,wind_speed_ms,,pre-event,"-3,-1","-10,-7,-5",major_severe clusters,cluster_id,1000,complete 60-row sensitivity tier,outputs/atmospheric_forcing/ice_edge_relative_wind/ice_edge_relative_wind_tests.csv,tier=sensitivity;region=laptev_sea;variable=wind_speed_ms;lag_group=pre-event
EDGE_083,ice_edge_relative_wind,sensitivity,laptev_sea,,ice_edge_relative_wind,wind_speed_ms,,event-time,0,"-10,-7,-5",major_severe clusters,cluster_id,1000,complete 60-row sensitivity tier,outputs/atmospheric_forcing/ice_edge_relative_wind/ice_edge_relative_wind_tests.csv,tier=sensitivity;region=laptev_sea;variable=wind_speed_ms;lag_group=event-time
EDGE_084,ice_edge_relative_wind,sensitivity,laptev_sea,,ice_edge_relative_wind,wind_speed_ms,,post-event,"1,3,5","-10,-7,-5",major_severe clusters,cluster_id,1000,complete 60-row sensitivity tier,outputs/atmospheric_forcing/ice_edge_relative_wind/ice_edge_relative_wind_tests.csv,tier=sensitivity;region=laptev_sea;variable=wind_speed_ms;lag_group=post-event
EDGE_085,ice_edge_relative_wind,sensitivity,kara_sea,,ice_edge_relative_wind,outward_edge_normal_wind_ms,,pre-event,"-3,-1","-10,-7,-5",major_severe clusters,cluster_id,1000,complete 60-row sensitivity tier,outputs/atmospheric_forcing/ice_edge_relative_wind/ice_edge_relative_wind_tests.csv,tier=sensitivity;region=kara_sea;variable=outward_edge_normal_wind_ms;lag_group=pre-event
EDGE_086,ice_edge_relative_wind,sensitivity,kara_sea,,ice_edge_relative_wind,outward_edge_normal_wind_ms,,event-time,0,"-10,-7,-5",major_severe clusters,cluster_id,1000,complete 60-row sensitivity tier,outputs/atmospheric_forcing/ice_edge_relative_wind/ice_edge_relative_wind_tests.csv,tier=sensitivity;region=kara_sea;variable=outward_edge_normal_wind_ms;lag_group=event-time
EDGE_087,ice_edge_relative_wind,sensitivity,kara_sea,,ice_edge_relative_wind,outward_edge_normal_wind_ms,,post-event,"1,3,5","-10,-7,-5",major_severe clusters,cluster_id,1000,complete 60-row sensitivity tier,outputs/atmospheric_forcing/ice_edge_relative_wind/ice_edge_relative_wind_tests.csv,tier=sensitivity;region=kara_sea;variable=outward_edge_normal_wind_ms;lag_group=post-event
EDGE_088,ice_edge_relative_wind,sensitivity,kara_sea,,ice_edge_relative_wind,abs_edge_normal_wind_ms,,pre-event,"-3,-1","-10,-7,-5",major_severe clusters,cluster_id,1000,complete 60-row sensitivity tier,outputs/atmospheric_forcing/ice_edge_relative_wind/ice_edge_relative_wind_tests.csv,tier=sensitivity;region=kara_sea;variable=abs_edge_normal_wind_ms;lag_group=pre-event
EDGE_089,ice_edge_relative_wind,sensitivity,kara_sea,,ice_edge_relative_wind,abs_edge_normal_wind_ms,,event-time,0,"-10,-7,-5",major_severe clusters,cluster_id,1000,complete 60-row sensitivity tier,outputs/atmospheric_forcing/ice_edge_relative_wind/ice_edge_relative_wind_tests.csv,tier=sensitivity;region=kara_sea;variable=abs_edge_normal_wind_ms;lag_group=event-time
EDGE_090,ice_edge_relative_wind,sensitivity,kara_sea,,ice_edge_relative_wind,abs_edge_normal_wind_ms,,post-event,"1,3,5","-10,-7,-5",major_severe clusters,cluster_id,1000,complete 60-row sensitivity tier,outputs/atmospheric_forcing/ice_edge_relative_wind/ice_edge_relative_wind_tests.csv,tier=sensitivity;region=kara_sea;variable=abs_edge_normal_wind_ms;lag_group=post-event
EDGE_091,ice_edge_relative_wind,sensitivity,kara_sea,,ice_edge_relative_wind,edge_tangential_wind_ms,,pre-event,"-3,-1","-10,-7,-5",major_severe clusters,cluster_id,1000,complete 60-row sensitivity tier,outputs/atmospheric_forcing/ice_edge_relative_wind/ice_edge_relative_wind_tests.csv,tier=sensitivity;region=kara_sea;variable=edge_tangential_wind_ms;lag_group=pre-event
EDGE_092,ice_edge_relative_wind,sensitivity,kara_sea,,ice_edge_relative_wind,edge_tangential_wind_ms,,event-time,0,"-10,-7,-5",major_severe clusters,cluster_id,1000,complete 60-row sensitivity tier,outputs/atmospheric_forcing/ice_edge_relative_wind/ice_edge_relative_wind_tests.csv,tier=sensitivity;region=kara_sea;variable=edge_tangential_wind_ms;lag_group=event-time
EDGE_093,ice_edge_relative_wind,sensitivity,kara_sea,,ice_edge_relative_wind,edge_tangential_wind_ms,,post-event,"1,3,5","-10,-7,-5",major_severe clusters,cluster_id,1000,complete 60-row sensitivity tier,outputs/atmospheric_forcing/ice_edge_relative_wind/ice_edge_relative_wind_tests.csv,tier=sensitivity;region=kara_sea;variable=edge_tangential_wind_ms;lag_group=post-event
EDGE_094,ice_edge_relative_wind,sensitivity,kara_sea,,ice_edge_relative_wind,wind_speed_ms,,pre-event,"-3,-1","-10,-7,-5",major_severe clusters,cluster_id,1000,complete 60-row sensitivity tier,outputs/atmospheric_forcing/ice_edge_relative_wind/ice_edge_relative_wind_tests.csv,tier=sensitivity;region=kara_sea;variable=wind_speed_ms;lag_group=pre-event
EDGE_095,ice_edge_relative_wind,sensitivity,kara_sea,,ice_edge_relative_wind,wind_speed_ms,,event-time,0,"-10,-7,-5",major_severe clusters,cluster_id,1000,complete 60-row sensitivity tier,outputs/atmospheric_forcing/ice_edge_relative_wind/ice_edge_relative_wind_tests.csv,tier=sensitivity;region=kara_sea;variable=wind_speed_ms;lag_group=event-time
EDGE_096,ice_edge_relative_wind,sensitivity,kara_sea,,ice_edge_relative_wind,wind_speed_ms,,post-event,"1,3,5","-10,-7,-5",major_severe clusters,cluster_id,1000,complete 60-row sensitivity tier,outputs/atmospheric_forcing/ice_edge_relative_wind/ice_edge_relative_wind_tests.csv,tier=sensitivity;region=kara_sea;variable=wind_speed_ms;lag_group=post-event
EDGE_097,ice_edge_relative_wind,sensitivity,barents_sea,,ice_edge_relative_wind,outward_edge_normal_wind_ms,,pre-event,"-3,-1","-10,-7,-5",major_severe clusters,cluster_id,1000,complete 60-row sensitivity tier,outputs/atmospheric_forcing/ice_edge_relative_wind/ice_edge_relative_wind_tests.csv,tier=sensitivity;region=barents_sea;variable=outward_edge_normal_wind_ms;lag_group=pre-event
EDGE_098,ice_edge_relative_wind,sensitivity,barents_sea,,ice_edge_relative_wind,outward_edge_normal_wind_ms,,event-time,0,"-10,-7,-5",major_severe clusters,cluster_id,1000,complete 60-row sensitivity tier,outputs/atmospheric_forcing/ice_edge_relative_wind/ice_edge_relative_wind_tests.csv,tier=sensitivity;region=barents_sea;variable=outward_edge_normal_wind_ms;lag_group=event-time
EDGE_099,ice_edge_relative_wind,sensitivity,barents_sea,,ice_edge_relative_wind,outward_edge_normal_wind_ms,,post-event,"1,3,5","-10,-7,-5",major_severe clusters,cluster_id,1000,complete 60-row sensitivity tier,outputs/atmospheric_forcing/ice_edge_relative_wind/ice_edge_relative_wind_tests.csv,tier=sensitivity;region=barents_sea;variable=outward_edge_normal_wind_ms;lag_group=post-event
EDGE_100,ice_edge_relative_wind,sensitivity,barents_sea,,ice_edge_relative_wind,abs_edge_normal_wind_ms,,pre-event,"-3,-1","-10,-7,-5",major_severe clusters,cluster_id,1000,complete 60-row sensitivity tier,outputs/atmospheric_forcing/ice_edge_relative_wind/ice_edge_relative_wind_tests.csv,tier=sensitivity;region=barents_sea;variable=abs_edge_normal_wind_ms;lag_group=pre-event
EDGE_101,ice_edge_relative_wind,sensitivity,barents_sea,,ice_edge_relative_wind,abs_edge_normal_wind_ms,,event-time,0,"-10,-7,-5",major_severe clusters,cluster_id,1000,complete 60-row sensitivity tier,outputs/atmospheric_forcing/ice_edge_relative_wind/ice_edge_relative_wind_tests.csv,tier=sensitivity;region=barents_sea;variable=abs_edge_normal_wind_ms;lag_group=event-time
EDGE_102,ice_edge_relative_wind,sensitivity,barents_sea,,ice_edge_relative_wind,abs_edge_normal_wind_ms,,post-event,"1,3,5","-10,-7,-5",major_severe clusters,cluster_id,1000,complete 60-row sensitivity tier,outputs/atmospheric_forcing/ice_edge_relative_wind/ice_edge_relative_wind_tests.csv,tier=sensitivity;region=barents_sea;variable=abs_edge_normal_wind_ms;lag_group=post-event
EDGE_103,ice_edge_relative_wind,sensitivity,barents_sea,,ice_edge_relative_wind,edge_tangential_wind_ms,,pre-event,"-3,-1","-10,-7,-5",major_severe clusters,cluster_id,1000,complete 60-row sensitivity tier,outputs/atmospheric_forcing/ice_edge_relative_wind/ice_edge_relative_wind_tests.csv,tier=sensitivity;region=barents_sea;variable=edge_tangential_wind_ms;lag_group=pre-event
EDGE_104,ice_edge_relative_wind,sensitivity,barents_sea,,ice_edge_relative_wind,edge_tangential_wind_ms,,event-time,0,"-10,-7,-5",major_severe clusters,cluster_id,1000,complete 60-row sensitivity tier,outputs/atmospheric_forcing/ice_edge_relative_wind/ice_edge_relative_wind_tests.csv,tier=sensitivity;region=barents_sea;variable=edge_tangential_wind_ms;lag_group=event-time
EDGE_105,ice_edge_relative_wind,sensitivity,barents_sea,,ice_edge_relative_wind,edge_tangential_wind_ms,,post-event,"1,3,5","-10,-7,-5",major_severe clusters,cluster_id,1000,complete 60-row sensitivity tier,outputs/atmospheric_forcing/ice_edge_relative_wind/ice_edge_relative_wind_tests.csv,tier=sensitivity;region=barents_sea;variable=edge_tangential_wind_ms;lag_group=post-event
EDGE_106,ice_edge_relative_wind,sensitivity,barents_sea,,ice_edge_relative_wind,wind_speed_ms,,pre-event,"-3,-1","-10,-7,-5",major_severe clusters,cluster_id,1000,complete 60-row sensitivity tier,outputs/atmospheric_forcing/ice_edge_relative_wind/ice_edge_relative_wind_tests.csv,tier=sensitivity;region=barents_sea;variable=wind_speed_ms;lag_group=pre-event
EDGE_107,ice_edge_relative_wind,sensitivity,barents_sea,,ice_edge_relative_wind,wind_speed_ms,,event-time,0,"-10,-7,-5",major_severe clusters,cluster_id,1000,complete 60-row sensitivity tier,outputs/atmospheric_forcing/ice_edge_relative_wind/ice_edge_relative_wind_tests.csv,tier=sensitivity;region=barents_sea;variable=wind_speed_ms;lag_group=event-time
EDGE_108,ice_edge_relative_wind,sensitivity,barents_sea,,ice_edge_relative_wind,wind_speed_ms,,post-event,"1,3,5","-10,-7,-5",major_severe clusters,cluster_id,1000,complete 60-row sensitivity tier,outputs/atmospheric_forcing/ice_edge_relative_wind/ice_edge_relative_wind_tests.csv,tier=sensitivity;region=barents_sea;variable=wind_speed_ms;lag_group=post-event
EDGE_109,ice_edge_relative_wind,sensitivity,central_arctic,,ice_edge_relative_wind,outward_edge_normal_wind_ms,,pre-event,"-3,-1","-10,-7,-5",major_severe clusters,cluster_id,1000,complete 60-row sensitivity tier,outputs/atmospheric_forcing/ice_edge_relative_wind/ice_edge_relative_wind_tests.csv,tier=sensitivity;region=central_arctic;variable=outward_edge_normal_wind_ms;lag_group=pre-event
EDGE_110,ice_edge_relative_wind,sensitivity,central_arctic,,ice_edge_relative_wind,outward_edge_normal_wind_ms,,event-time,0,"-10,-7,-5",major_severe clusters,cluster_id,1000,complete 60-row sensitivity tier,outputs/atmospheric_forcing/ice_edge_relative_wind/ice_edge_relative_wind_tests.csv,tier=sensitivity;region=central_arctic;variable=outward_edge_normal_wind_ms;lag_group=event-time
EDGE_111,ice_edge_relative_wind,sensitivity,central_arctic,,ice_edge_relative_wind,outward_edge_normal_wind_ms,,post-event,"1,3,5","-10,-7,-5",major_severe clusters,cluster_id,1000,complete 60-row sensitivity tier,outputs/atmospheric_forcing/ice_edge_relative_wind/ice_edge_relative_wind_tests.csv,tier=sensitivity;region=central_arctic;variable=outward_edge_normal_wind_ms;lag_group=post-event
EDGE_112,ice_edge_relative_wind,sensitivity,central_arctic,,ice_edge_relative_wind,abs_edge_normal_wind_ms,,pre-event,"-3,-1","-10,-7,-5",major_severe clusters,cluster_id,1000,complete 60-row sensitivity tier,outputs/atmospheric_forcing/ice_edge_relative_wind/ice_edge_relative_wind_tests.csv,tier=sensitivity;region=central_arctic;variable=abs_edge_normal_wind_ms;lag_group=pre-event
EDGE_113,ice_edge_relative_wind,sensitivity,central_arctic,,ice_edge_relative_wind,abs_edge_normal_wind_ms,,event-time,0,"-10,-7,-5",major_severe clusters,cluster_id,1000,complete 60-row sensitivity tier,outputs/atmospheric_forcing/ice_edge_relative_wind/ice_edge_relative_wind_tests.csv,tier=sensitivity;region=central_arctic;variable=abs_edge_normal_wind_ms;lag_group=event-time
EDGE_114,ice_edge_relative_wind,sensitivity,central_arctic,,ice_edge_relative_wind,abs_edge_normal_wind_ms,,post-event,"1,3,5","-10,-7,-5",major_severe clusters,cluster_id,1000,complete 60-row sensitivity tier,outputs/atmospheric_forcing/ice_edge_relative_wind/ice_edge_relative_wind_tests.csv,tier=sensitivity;region=central_arctic;variable=abs_edge_normal_wind_ms;lag_group=post-event
EDGE_115,ice_edge_relative_wind,sensitivity,central_arctic,,ice_edge_relative_wind,edge_tangential_wind_ms,,pre-event,"-3,-1","-10,-7,-5",major_severe clusters,cluster_id,1000,complete 60-row sensitivity tier,outputs/atmospheric_forcing/ice_edge_relative_wind/ice_edge_relative_wind_tests.csv,tier=sensitivity;region=central_arctic;variable=edge_tangential_wind_ms;lag_group=pre-event
EDGE_116,ice_edge_relative_wind,sensitivity,central_arctic,,ice_edge_relative_wind,edge_tangential_wind_ms,,event-time,0,"-10,-7,-5",major_severe clusters,cluster_id,1000,complete 60-row sensitivity tier,outputs/atmospheric_forcing/ice_edge_relative_wind/ice_edge_relative_wind_tests.csv,tier=sensitivity;region=central_arctic;variable=edge_tangential_wind_ms;lag_group=event-time
EDGE_117,ice_edge_relative_wind,sensitivity,central_arctic,,ice_edge_relative_wind,edge_tangential_wind_ms,,post-event,"1,3,5","-10,-7,-5",major_severe clusters,cluster_id,1000,complete 60-row sensitivity tier,outputs/atmospheric_forcing/ice_edge_relative_wind/ice_edge_relative_wind_tests.csv,tier=sensitivity;region=central_arctic;variable=edge_tangential_wind_ms;lag_group=post-event
EDGE_118,ice_edge_relative_wind,sensitivity,central_arctic,,ice_edge_relative_wind,wind_speed_ms,,pre-event,"-3,-1","-10,-7,-5",major_severe clusters,cluster_id,1000,complete 60-row sensitivity tier,outputs/atmospheric_forcing/ice_edge_relative_wind/ice_edge_relative_wind_tests.csv,tier=sensitivity;region=central_arctic;variable=wind_speed_ms;lag_group=pre-event
EDGE_119,ice_edge_relative_wind,sensitivity,central_arctic,,ice_edge_relative_wind,wind_speed_ms,,event-time,0,"-10,-7,-5",major_severe clusters,cluster_id,1000,complete 60-row sensitivity tier,outputs/atmospheric_forcing/ice_edge_relative_wind/ice_edge_relative_wind_tests.csv,tier=sensitivity;region=central_arctic;variable=wind_speed_ms;lag_group=event-time
EDGE_120,ice_edge_relative_wind,sensitivity,central_arctic,,ice_edge_relative_wind,wind_speed_ms,,post-event,"1,3,5","-10,-7,-5",major_severe clusters,cluster_id,1000,complete 60-row sensitivity tier,outputs/atmospheric_forcing/ice_edge_relative_wind/ice_edge_relative_wind_tests.csv,tier=sensitivity;region=central_arctic;variable=wind_speed_ms;lag_group=post-event
